2025-03-28 14:58:57,526 - accelerate.utils.modeling - INFO - We will use 90% of the memory on device 0 for storing the model, and 10% for the buffer to avoid OOM. You can set `max_memory` in to a higher value to use more memory (at your own risk).
2025-03-28 14:59:00,993 - __main__ - INFO - ✅ Modello e tokenizer caricati con successo
2025-03-28 14:59:00,993 - __main__ - CRITICAL - ❌ Errore nel caricamento del modello: name 'logger_gpu_memory' is not defined
Traceback (most recent call last):
  File "/home/vantaggiato/Test_ProgettoVantaggiato/webapp/app.py", line 68, in load_model
    logger_gpu_memory()
    ^^^^^^^^^^^^^^^^^
NameError: name 'logger_gpu_memory' is not defined
2025-03-28 14:59:13,692 - accelerate.utils.modeling - INFO - We will use 90% of the memory on device 0 for storing the model, and 10% for the buffer to avoid OOM. You can set `max_memory` in to a higher value to use more memory (at your own risk).
2025-03-28 14:59:16,759 - __main__ - INFO - ✅ Modello e tokenizer caricati con successo
2025-03-28 14:59:16,760 - __main__ - CRITICAL - ❌ Errore nel caricamento del modello: name 'logger_gpu_memory' is not defined
Traceback (most recent call last):
  File "/home/vantaggiato/Test_ProgettoVantaggiato/webapp/app.py", line 68, in load_model
    logger_gpu_memory()
    ^^^^^^^^^^^^^^^^^
NameError: name 'logger_gpu_memory' is not defined
2025-03-28 15:03:21,351 - accelerate.utils.modeling - INFO - We will use 90% of the memory on device 0 for storing the model, and 10% for the buffer to avoid OOM. You can set `max_memory` in to a higher value to use more memory (at your own risk).
2025-03-28 15:03:24,572 - __main__ - INFO - ✅ Modello e tokenizer caricati con successo
2025-03-28 15:03:24,572 - __main__ - INFO - 💽 GPU Memory - Allocated: 8665.76MB, Reserved: 8842.00MB
2025-03-28 15:03:24,572 - __main__ - INFO - System prompt caricato. Lunghezza: 4062 caratteri
2025-03-28 15:03:24,572 - __main__ - INFO - 🚀 Pipeline inizializzata con max_length=1000000000000000019884624838656
2025-03-28 15:03:24,573 - __main__ - INFO - 🚀 Modalità produzione attiva
2025-03-28 15:03:24,573 - __main__ - INFO - 🚀 Avvio server Flask...
2025-03-28 15:03:24,574 - werkzeug - INFO - [31m[1mWARNING: This is a development server. Do not use it in a production deployment. Use a production WSGI server instead.[0m
 * Running on http://127.0.0.1:5000
2025-03-28 15:03:24,574 - werkzeug - INFO - [33mPress CTRL+C to quit[0m
2025-03-28 15:03:27,114 - werkzeug - INFO - 127.0.0.1 - - [28/Mar/2025 15:03:27] "GET / HTTP/1.1" 200 -
2025-03-28 15:03:27,191 - werkzeug - INFO - 127.0.0.1 - - [28/Mar/2025 15:03:27] "[36mGET /static/style.css HTTP/1.1[0m" 304 -
2025-03-28 15:03:27,238 - werkzeug - INFO - 127.0.0.1 - - [28/Mar/2025 15:03:27] "GET /static/bot-icon.png HTTP/1.1" 200 -
2025-03-28 15:03:27,247 - werkzeug - INFO - 127.0.0.1 - - [28/Mar/2025 15:03:27] "[36mGET /static/chatbot.js HTTP/1.1[0m" 304 -
2025-03-28 15:05:30,545 - werkzeug - INFO - 127.0.0.1 - - [28/Mar/2025 15:05:30] "[33mGET /static/user-icon.png HTTP/1.1[0m" 404 -
2025-03-28 15:05:30,554 - __main__ - INFO - 📥 Input ricevuto (primi 100 caratteri): {
  "timestamp": "2025-03-28T14:32:45Z",
  "event_type": "Failed Login",
  "source_ip": "185.143.223
2025-03-28 15:05:30,554 - __main__ - INFO - Prompt generato (4383 caratteri)
2025-03-28 15:05:30,555 - __main__ - ERROR - ❌ Errore nella generazione: int too big to convert
Traceback (most recent call last):
  File "/home/vantaggiato/Test_ProgettoVantaggiato/webapp/app.py", line 231, in generate_response
    outputs = pipe(
              ^^^^^
  File "/home/vantaggiato/Test_ProgettoVantaggiato/venv/lib/python3.11/site-packages/transformers/pipelines/text_generation.py", line 287, in __call__
    return super().__call__(text_inputs, **kwargs)
           ^^^^^^^^^^^^^^^^^^^^^^^^^^^^^^^^^^^^^^^
  File "/home/vantaggiato/Test_ProgettoVantaggiato/venv/lib/python3.11/site-packages/transformers/pipelines/base.py", line 1371, in __call__
    return self.run_single(inputs, preprocess_params, forward_params, postprocess_params)
           ^^^^^^^^^^^^^^^^^^^^^^^^^^^^^^^^^^^^^^^^^^^^^^^^^^^^^^^^^^^^^^^^^^^^^^^^^^^^^^
  File "/home/vantaggiato/Test_ProgettoVantaggiato/venv/lib/python3.11/site-packages/transformers/pipelines/base.py", line 1377, in run_single
    model_inputs = self.preprocess(inputs, **preprocess_params)
                   ^^^^^^^^^^^^^^^^^^^^^^^^^^^^^^^^^^^^^^^^^^^^
  File "/home/vantaggiato/Test_ProgettoVantaggiato/venv/lib/python3.11/site-packages/transformers/pipelines/text_generation.py", line 325, in preprocess
    inputs = self.tokenizer(prefix + prompt_text, return_tensors=self.framework, **tokenizer_kwargs)
             ^^^^^^^^^^^^^^^^^^^^^^^^^^^^^^^^^^^^^^^^^^^^^^^^^^^^^^^^^^^^^^^^^^^^^^^^^^^^^^^^^^^^^^^
  File "/home/vantaggiato/Test_ProgettoVantaggiato/venv/lib/python3.11/site-packages/transformers/tokenization_utils_base.py", line 2887, in __call__
    encodings = self._call_one(text=text, text_pair=text_pair, **all_kwargs)
                ^^^^^^^^^^^^^^^^^^^^^^^^^^^^^^^^^^^^^^^^^^^^^^^^^^^^^^^^^^^^
  File "/home/vantaggiato/Test_ProgettoVantaggiato/venv/lib/python3.11/site-packages/transformers/tokenization_utils_base.py", line 2997, in _call_one
    return self.encode_plus(
           ^^^^^^^^^^^^^^^^^
  File "/home/vantaggiato/Test_ProgettoVantaggiato/venv/lib/python3.11/site-packages/transformers/tokenization_utils_base.py", line 3073, in encode_plus
    return self._encode_plus(
           ^^^^^^^^^^^^^^^^^^
  File "/home/vantaggiato/Test_ProgettoVantaggiato/venv/lib/python3.11/site-packages/transformers/tokenization_utils_fast.py", line 613, in _encode_plus
    batched_output = self._batch_encode_plus(
                     ^^^^^^^^^^^^^^^^^^^^^^^^
  File "/home/vantaggiato/Test_ProgettoVantaggiato/venv/lib/python3.11/site-packages/transformers/tokenization_utils_fast.py", line 527, in _batch_encode_plus
    self.set_truncation_and_padding(
  File "/home/vantaggiato/Test_ProgettoVantaggiato/venv/lib/python3.11/site-packages/transformers/tokenization_utils_fast.py", line 480, in set_truncation_and_padding
    self._tokenizer.enable_truncation(**target)
OverflowError: int too big to convert
2025-03-28 15:05:30,556 - __main__ - INFO - 💽 GPU Memory - Allocated: 8665.76MB, Reserved: 8730.00MB
2025-03-28 15:05:30,585 - __main__ - INFO - 💾 Salvato nel CSV: Q[281] -> A[54]
2025-03-28 15:05:30,586 - werkzeug - INFO - 127.0.0.1 - - [28/Mar/2025 15:05:30] "POST /get_response HTTP/1.1" 200 -
2025-03-28 15:05:36,344 - __main__ - INFO - 📥 Input ricevuto (primi 100 caratteri): Ciao!
2025-03-28 15:05:36,344 - __main__ - INFO - Input non è JSON valido, procedo con analisi diretta
2025-03-28 15:05:36,344 - __main__ - INFO - Prompt generato (4087 caratteri)
2025-03-28 15:05:36,344 - __main__ - ERROR - ❌ Errore nella generazione: int too big to convert
Traceback (most recent call last):
  File "/home/vantaggiato/Test_ProgettoVantaggiato/webapp/app.py", line 231, in generate_response
    outputs = pipe(
              ^^^^^
  File "/home/vantaggiato/Test_ProgettoVantaggiato/venv/lib/python3.11/site-packages/transformers/pipelines/text_generation.py", line 287, in __call__
    return super().__call__(text_inputs, **kwargs)
           ^^^^^^^^^^^^^^^^^^^^^^^^^^^^^^^^^^^^^^^
  File "/home/vantaggiato/Test_ProgettoVantaggiato/venv/lib/python3.11/site-packages/transformers/pipelines/base.py", line 1371, in __call__
    return self.run_single(inputs, preprocess_params, forward_params, postprocess_params)
           ^^^^^^^^^^^^^^^^^^^^^^^^^^^^^^^^^^^^^^^^^^^^^^^^^^^^^^^^^^^^^^^^^^^^^^^^^^^^^^
  File "/home/vantaggiato/Test_ProgettoVantaggiato/venv/lib/python3.11/site-packages/transformers/pipelines/base.py", line 1377, in run_single
    model_inputs = self.preprocess(inputs, **preprocess_params)
                   ^^^^^^^^^^^^^^^^^^^^^^^^^^^^^^^^^^^^^^^^^^^^
  File "/home/vantaggiato/Test_ProgettoVantaggiato/venv/lib/python3.11/site-packages/transformers/pipelines/text_generation.py", line 325, in preprocess
    inputs = self.tokenizer(prefix + prompt_text, return_tensors=self.framework, **tokenizer_kwargs)
             ^^^^^^^^^^^^^^^^^^^^^^^^^^^^^^^^^^^^^^^^^^^^^^^^^^^^^^^^^^^^^^^^^^^^^^^^^^^^^^^^^^^^^^^
  File "/home/vantaggiato/Test_ProgettoVantaggiato/venv/lib/python3.11/site-packages/transformers/tokenization_utils_base.py", line 2887, in __call__
    encodings = self._call_one(text=text, text_pair=text_pair, **all_kwargs)
                ^^^^^^^^^^^^^^^^^^^^^^^^^^^^^^^^^^^^^^^^^^^^^^^^^^^^^^^^^^^^
  File "/home/vantaggiato/Test_ProgettoVantaggiato/venv/lib/python3.11/site-packages/transformers/tokenization_utils_base.py", line 2997, in _call_one
    return self.encode_plus(
           ^^^^^^^^^^^^^^^^^
  File "/home/vantaggiato/Test_ProgettoVantaggiato/venv/lib/python3.11/site-packages/transformers/tokenization_utils_base.py", line 3073, in encode_plus
    return self._encode_plus(
           ^^^^^^^^^^^^^^^^^^
  File "/home/vantaggiato/Test_ProgettoVantaggiato/venv/lib/python3.11/site-packages/transformers/tokenization_utils_fast.py", line 613, in _encode_plus
    batched_output = self._batch_encode_plus(
                     ^^^^^^^^^^^^^^^^^^^^^^^^
  File "/home/vantaggiato/Test_ProgettoVantaggiato/venv/lib/python3.11/site-packages/transformers/tokenization_utils_fast.py", line 527, in _batch_encode_plus
    self.set_truncation_and_padding(
  File "/home/vantaggiato/Test_ProgettoVantaggiato/venv/lib/python3.11/site-packages/transformers/tokenization_utils_fast.py", line 480, in set_truncation_and_padding
    self._tokenizer.enable_truncation(**target)
OverflowError: int too big to convert
2025-03-28 15:05:36,345 - __main__ - INFO - 💽 GPU Memory - Allocated: 8665.76MB, Reserved: 8730.00MB
2025-03-28 15:05:36,345 - __main__ - INFO - 💾 Salvato nel CSV: Q[5] -> A[54]
2025-03-28 15:05:36,346 - werkzeug - INFO - 127.0.0.1 - - [28/Mar/2025 15:05:36] "POST /get_response HTTP/1.1" 200 -
2025-03-28 15:05:36,352 - werkzeug - INFO - 127.0.0.1 - - [28/Mar/2025 15:05:36] "[33mGET /static/user-icon.png HTTP/1.1[0m" 404 -
2025-03-28 15:09:18,702 - accelerate.utils.modeling - INFO - We will use 90% of the memory on device 0 for storing the model, and 10% for the buffer to avoid OOM. You can set `max_memory` in to a higher value to use more memory (at your own risk).
2025-03-28 15:09:21,832 - __main__ - INFO - ✅ Modello e tokenizer caricati con successo
2025-03-28 15:09:21,832 - __main__ - INFO - 💽 GPU Memory - Allocated: 8665.76MB, Reserved: 8842.00MB
2025-03-28 15:09:21,832 - __main__ - INFO - System prompt caricato. Lunghezza: 4062 caratteri
2025-03-28 15:09:21,833 - __main__ - INFO - 🚀 Pipeline inizializzata con max_length=1000000000000000019884624838656
2025-03-28 15:15:56,453 - accelerate.utils.modeling - INFO - We will use 90% of the memory on device 0 for storing the model, and 10% for the buffer to avoid OOM. You can set `max_memory` in to a higher value to use more memory (at your own risk).
2025-03-28 15:15:59,810 - __main__ - INFO - ✅ Modello e tokenizer caricati con successo
2025-03-28 15:15:59,811 - __main__ - INFO - 💽 GPU Memory - Allocated: 8665.76MB, Reserved: 8842.00MB
2025-03-28 15:15:59,811 - __main__ - INFO - System prompt caricato. Lunghezza: 4062 caratteri
2025-03-28 15:15:59,811 - __main__ - INFO - 🚀 Pipeline inizializzata con max_length=1000000000000000019884624838656
2025-03-28 15:15:59,812 - __main__ - INFO - 🚀 Modalità produzione attiva
2025-03-28 15:15:59,812 - __main__ - INFO - 🚀 Avvio server Flask...
2025-03-28 15:15:59,813 - werkzeug - INFO - [31m[1mWARNING: This is a development server. Do not use it in a production deployment. Use a production WSGI server instead.[0m
 * Running on http://127.0.0.1:5000
2025-03-28 15:15:59,813 - werkzeug - INFO - [33mPress CTRL+C to quit[0m
2025-03-28 15:16:03,223 - werkzeug - INFO - 127.0.0.1 - - [28/Mar/2025 15:16:03] "GET / HTTP/1.1" 200 -
2025-03-28 15:16:03,302 - werkzeug - INFO - 127.0.0.1 - - [28/Mar/2025 15:16:03] "[36mGET /static/style.css HTTP/1.1[0m" 304 -
2025-03-28 15:16:03,341 - werkzeug - INFO - 127.0.0.1 - - [28/Mar/2025 15:16:03] "[36mGET /static/chatbot.js HTTP/1.1[0m" 304 -
2025-03-28 15:16:03,354 - werkzeug - INFO - 127.0.0.1 - - [28/Mar/2025 15:16:03] "[36mGET /static/bot-icon.png HTTP/1.1[0m" 304 -
2025-03-28 15:16:09,423 - werkzeug - INFO - 127.0.0.1 - - [28/Mar/2025 15:16:09] "[33mGET /static/user-icon.png HTTP/1.1[0m" 404 -
2025-03-28 15:16:09,435 - __main__ - INFO - 📥 Input ricevuto (primi 100 caratteri): ciao
2025-03-28 15:16:09,435 - __main__ - INFO - Input non è JSON valido, procedo con analisi diretta
2025-03-28 15:16:09,435 - __main__ - INFO - Prompt generato (4086 caratteri)
2025-03-28 15:16:09,435 - __main__ - ERROR - ❌ Errore nella generazione: int too big to convert
Traceback (most recent call last):
  File "/home/vantaggiato/Test_ProgettoVantaggiato/webapp/app.py", line 226, in generate_response
    outputs = pipe(
              ^^^^^
  File "/home/vantaggiato/Test_ProgettoVantaggiato/venv/lib/python3.11/site-packages/transformers/pipelines/text_generation.py", line 287, in __call__
    return super().__call__(text_inputs, **kwargs)
           ^^^^^^^^^^^^^^^^^^^^^^^^^^^^^^^^^^^^^^^
  File "/home/vantaggiato/Test_ProgettoVantaggiato/venv/lib/python3.11/site-packages/transformers/pipelines/base.py", line 1371, in __call__
    return self.run_single(inputs, preprocess_params, forward_params, postprocess_params)
           ^^^^^^^^^^^^^^^^^^^^^^^^^^^^^^^^^^^^^^^^^^^^^^^^^^^^^^^^^^^^^^^^^^^^^^^^^^^^^^
  File "/home/vantaggiato/Test_ProgettoVantaggiato/venv/lib/python3.11/site-packages/transformers/pipelines/base.py", line 1377, in run_single
    model_inputs = self.preprocess(inputs, **preprocess_params)
                   ^^^^^^^^^^^^^^^^^^^^^^^^^^^^^^^^^^^^^^^^^^^^
  File "/home/vantaggiato/Test_ProgettoVantaggiato/venv/lib/python3.11/site-packages/transformers/pipelines/text_generation.py", line 325, in preprocess
    inputs = self.tokenizer(prefix + prompt_text, return_tensors=self.framework, **tokenizer_kwargs)
             ^^^^^^^^^^^^^^^^^^^^^^^^^^^^^^^^^^^^^^^^^^^^^^^^^^^^^^^^^^^^^^^^^^^^^^^^^^^^^^^^^^^^^^^
  File "/home/vantaggiato/Test_ProgettoVantaggiato/venv/lib/python3.11/site-packages/transformers/tokenization_utils_base.py", line 2887, in __call__
    encodings = self._call_one(text=text, text_pair=text_pair, **all_kwargs)
                ^^^^^^^^^^^^^^^^^^^^^^^^^^^^^^^^^^^^^^^^^^^^^^^^^^^^^^^^^^^^
  File "/home/vantaggiato/Test_ProgettoVantaggiato/venv/lib/python3.11/site-packages/transformers/tokenization_utils_base.py", line 2997, in _call_one
    return self.encode_plus(
           ^^^^^^^^^^^^^^^^^
  File "/home/vantaggiato/Test_ProgettoVantaggiato/venv/lib/python3.11/site-packages/transformers/tokenization_utils_base.py", line 3073, in encode_plus
    return self._encode_plus(
           ^^^^^^^^^^^^^^^^^^
  File "/home/vantaggiato/Test_ProgettoVantaggiato/venv/lib/python3.11/site-packages/transformers/tokenization_utils_fast.py", line 613, in _encode_plus
    batched_output = self._batch_encode_plus(
                     ^^^^^^^^^^^^^^^^^^^^^^^^
  File "/home/vantaggiato/Test_ProgettoVantaggiato/venv/lib/python3.11/site-packages/transformers/tokenization_utils_fast.py", line 527, in _batch_encode_plus
    self.set_truncation_and_padding(
  File "/home/vantaggiato/Test_ProgettoVantaggiato/venv/lib/python3.11/site-packages/transformers/tokenization_utils_fast.py", line 480, in set_truncation_and_padding
    self._tokenizer.enable_truncation(**target)
OverflowError: int too big to convert
2025-03-28 15:16:09,436 - __main__ - INFO - 💽 GPU Memory - Allocated: 8665.76MB, Reserved: 8730.00MB
2025-03-28 15:16:09,441 - __main__ - INFO - 💾 Salvato nel CSV: Q[4] -> A[54]
2025-03-28 15:16:09,441 - werkzeug - INFO - 127.0.0.1 - - [28/Mar/2025 15:16:09] "POST /get_response HTTP/1.1" 200 -
2025-03-28 15:19:46,400 - accelerate.utils.modeling - INFO - We will use 90% of the memory on device 0 for storing the model, and 10% for the buffer to avoid OOM. You can set `max_memory` in to a higher value to use more memory (at your own risk).
2025-03-28 15:19:49,470 - __main__ - INFO - ✅ Modello e tokenizer caricati con successo
2025-03-28 15:19:49,470 - __main__ - INFO - 💽 GPU Memory - Allocated: 8665.76MB, Reserved: 8842.00MB
2025-03-28 15:19:49,470 - __main__ - INFO - System prompt caricato. Lunghezza: 4062 caratteri
2025-03-28 15:19:49,471 - __main__ - INFO - 🚀 Pipeline inizializzata con max_length=1024
2025-03-28 15:19:49,471 - __main__ - INFO - 🚀 Modalità produzione attiva
2025-03-28 15:19:49,471 - __main__ - INFO - 🚀 Avvio server Flask...
2025-03-28 15:19:49,472 - werkzeug - INFO - [31m[1mWARNING: This is a development server. Do not use it in a production deployment. Use a production WSGI server instead.[0m
 * Running on http://127.0.0.1:5000
2025-03-28 15:19:49,472 - werkzeug - INFO - [33mPress CTRL+C to quit[0m
2025-03-28 15:19:53,688 - werkzeug - INFO - 127.0.0.1 - - [28/Mar/2025 15:19:53] "GET / HTTP/1.1" 200 -
2025-03-28 15:19:54,155 - werkzeug - INFO - 127.0.0.1 - - [28/Mar/2025 15:19:54] "[36mGET /static/style.css HTTP/1.1[0m" 304 -
2025-03-28 15:19:54,213 - werkzeug - INFO - 127.0.0.1 - - [28/Mar/2025 15:19:54] "[36mGET /static/chatbot.js HTTP/1.1[0m" 304 -
2025-03-28 15:19:54,220 - werkzeug - INFO - 127.0.0.1 - - [28/Mar/2025 15:19:54] "[36mGET /static/bot-icon.png HTTP/1.1[0m" 304 -
2025-03-28 15:19:57,523 - werkzeug - INFO - 127.0.0.1 - - [28/Mar/2025 15:19:57] "[33mGET /static/user-icon.png HTTP/1.1[0m" 404 -
2025-03-28 15:19:57,548 - __main__ - INFO - 📥 Input ricevuto (primi 100 caratteri): ciao!
2025-03-28 15:19:57,548 - __main__ - INFO - Input non è JSON valido, procedo con analisi diretta
2025-03-28 15:19:57,548 - __main__ - INFO - Prompt generato (4087 caratteri)
2025-03-28 15:20:06,562 - __main__ - INFO - Risposta generata (814 caratteri)
2025-03-28 15:20:06,563 - __main__ - INFO - 💽 GPU Memory - Allocated: 8679.56MB, Reserved: 9074.00MB
2025-03-28 15:20:06,567 - __main__ - INFO - 💾 Salvato nel CSV: Q[5] -> A[814]
2025-03-28 15:20:06,567 - werkzeug - INFO - 127.0.0.1 - - [28/Mar/2025 15:20:06] "POST /get_response HTTP/1.1" 200 -
2025-03-28 15:20:25,824 - __main__ - INFO - 📥 Input ricevuto (primi 100 caratteri): hi! I'm Marianna, what's your name?
2025-03-28 15:20:25,824 - __main__ - INFO - Input non è JSON valido, procedo con analisi diretta
2025-03-28 15:20:25,824 - __main__ - INFO - Prompt generato (4117 caratteri)
2025-03-28 15:20:25,829 - werkzeug - INFO - 127.0.0.1 - - [28/Mar/2025 15:20:25] "[33mGET /static/user-icon.png HTTP/1.1[0m" 404 -
2025-03-28 15:20:34,889 - __main__ - INFO - Risposta generata (879 caratteri)
2025-03-28 15:20:34,890 - __main__ - INFO - 💽 GPU Memory - Allocated: 8679.56MB, Reserved: 9076.00MB
2025-03-28 15:20:34,890 - __main__ - INFO - 💾 Salvato nel CSV: Q[35] -> A[879]
2025-03-28 15:20:34,891 - werkzeug - INFO - 127.0.0.1 - - [28/Mar/2025 15:20:34] "POST /get_response HTTP/1.1" 200 -
2025-03-28 15:20:47,854 - __main__ - INFO - 📥 Input ricevuto (primi 100 caratteri): {
  "timestamp": "2025-03-28T14:32:45Z",
  "event_type": "Failed Login",
  "source_ip": "185.143.223
2025-03-28 15:20:47,854 - __main__ - INFO - Prompt generato (4280 caratteri)
2025-03-28 15:20:47,864 - werkzeug - INFO - 127.0.0.1 - - [28/Mar/2025 15:20:47] "[33mGET /static/user-icon.png HTTP/1.1[0m" 404 -
2025-03-28 15:20:56,989 - __main__ - INFO - Risposta generata (853 caratteri)
2025-03-28 15:20:56,989 - __main__ - INFO - 💽 GPU Memory - Allocated: 8679.47MB, Reserved: 9076.00MB
2025-03-28 15:20:56,989 - __main__ - INFO - 💾 Salvato nel CSV: Q[178] -> A[853]
2025-03-28 15:20:56,990 - werkzeug - INFO - 127.0.0.1 - - [28/Mar/2025 15:20:56] "POST /get_response HTTP/1.1" 200 -
2025-03-28 15:50:37,594 - accelerate.utils.modeling - INFO - We will use 90% of the memory on device 0 for storing the model, and 10% for the buffer to avoid OOM. You can set `max_memory` in to a higher value to use more memory (at your own risk).
2025-03-28 15:50:41,151 - __main__ - INFO - ✅ Modello e tokenizer caricati con successo
2025-03-28 15:50:41,151 - __main__ - INFO - 💽 GPU Memory - Allocated: 8665.76MB, Reserved: 8842.00MB
2025-03-28 15:50:41,152 - __main__ - INFO - System prompt caricato. Lunghezza: 4062 caratteri
2025-03-28 15:50:41,152 - __main__ - INFO - 🚀 Pipeline inizializzata con max_length=1024
2025-03-28 15:50:41,153 - __main__ - INFO - 🚀 Modalità produzione attiva
2025-03-28 15:50:41,153 - __main__ - INFO - 🚀 Avvio server Flask...
2025-03-28 15:50:41,153 - werkzeug - INFO - [31m[1mWARNING: This is a development server. Do not use it in a production deployment. Use a production WSGI server instead.[0m
 * Running on http://127.0.0.1:5000
2025-03-28 15:50:41,154 - werkzeug - INFO - [33mPress CTRL+C to quit[0m
2025-03-28 15:50:42,698 - werkzeug - INFO - 127.0.0.1 - - [28/Mar/2025 15:50:42] "GET / HTTP/1.1" 200 -
2025-03-28 15:50:42,736 - werkzeug - INFO - 127.0.0.1 - - [28/Mar/2025 15:50:42] "[36mGET /static/style.css HTTP/1.1[0m" 304 -
2025-03-28 15:50:42,770 - werkzeug - INFO - 127.0.0.1 - - [28/Mar/2025 15:50:42] "[36mGET /static/chatbot.js HTTP/1.1[0m" 304 -
2025-03-28 15:50:42,778 - werkzeug - INFO - 127.0.0.1 - - [28/Mar/2025 15:50:42] "[36mGET /static/bot-icon.png HTTP/1.1[0m" 304 -
2025-03-28 15:50:47,030 - __main__ - INFO - 📥 Input ricevuto (primi 100 caratteri): ciao
2025-03-28 15:50:47,030 - __main__ - INFO - Input non è JSON valido, procedo con analisi diretta
2025-03-28 15:50:47,030 - __main__ - INFO - Prompt generato (4086 caratteri)
2025-03-28 15:50:47,036 - werkzeug - INFO - 127.0.0.1 - - [28/Mar/2025 15:50:47] "[33mGET /static/user-icon.png HTTP/1.1[0m" 404 -
2025-03-28 15:50:58,007 - __main__ - INFO - Risposta generata (1055 caratteri)
2025-03-28 15:50:58,007 - __main__ - INFO - 💽 GPU Memory - Allocated: 8679.62MB, Reserved: 9074.00MB
2025-03-28 15:50:58,012 - __main__ - INFO - 💾 Salvato nel CSV: Q[4] -> A[1055]
2025-03-28 15:50:58,012 - werkzeug - INFO - 127.0.0.1 - - [28/Mar/2025 15:50:58] "POST /get_response HTTP/1.1" 200 -
2025-03-28 15:58:41,565 - accelerate.utils.modeling - INFO - We will use 90% of the memory on device 0 for storing the model, and 10% for the buffer to avoid OOM. You can set `max_memory` in to a higher value to use more memory (at your own risk).
2025-03-28 15:58:44,604 - __main__ - INFO - ✅ Model and tokenizer loaded successfully
2025-03-28 15:58:44,605 - __main__ - INFO - 💽 GPU Memory - Allocated: 8665.76MB, Reserved: 8842.00MB
2025-03-28 15:58:44,605 - __main__ - INFO - System prompt loaded. Length: 4062 characters
2025-03-28 15:58:44,605 - __main__ - INFO - 🚀 Pipeline initialized with max_length=1024
2025-03-28 15:58:44,606 - __main__ - INFO - 🚀 Production mode active
2025-03-28 15:58:44,606 - __main__ - INFO - 🚀 Starting Flask server...
2025-03-28 15:58:44,607 - werkzeug - INFO - [31m[1mWARNING: This is a development server. Do not use it in a production deployment. Use a production WSGI server instead.[0m
 * Running on http://127.0.0.1:5000
2025-03-28 15:58:44,607 - werkzeug - INFO - [33mPress CTRL+C to quit[0m
2025-03-28 15:58:46,037 - werkzeug - INFO - 127.0.0.1 - - [28/Mar/2025 15:58:46] "GET / HTTP/1.1" 200 -
2025-03-28 15:58:46,080 - werkzeug - INFO - 127.0.0.1 - - [28/Mar/2025 15:58:46] "[36mGET /static/style.css HTTP/1.1[0m" 304 -
2025-03-28 15:58:46,137 - werkzeug - INFO - 127.0.0.1 - - [28/Mar/2025 15:58:46] "[36mGET /static/chatbot.js HTTP/1.1[0m" 304 -
2025-03-28 15:58:46,137 - werkzeug - INFO - 127.0.0.1 - - [28/Mar/2025 15:58:46] "[36mGET /static/bot-icon.png HTTP/1.1[0m" 304 -
2025-03-28 15:58:52,613 - werkzeug - INFO - 127.0.0.1 - - [28/Mar/2025 15:58:52] "[33mGET /static/user-icon.png HTTP/1.1[0m" 404 -
2025-03-28 15:58:52,621 - __main__ - INFO - 📥 Input received (first 100 characters): hi!
2025-03-28 15:58:52,621 - __main__ - INFO - 💽 GPU Memory - Allocated: 8665.76MB, Reserved: 8842.00MB
2025-03-28 15:58:52,625 - __main__ - INFO - 💾 Saved to CSV: Q[3] -> A[66]
2025-03-28 15:58:52,626 - werkzeug - INFO - 127.0.0.1 - - [28/Mar/2025 15:58:52] "POST /get_response HTTP/1.1" 200 -
2025-03-28 15:59:06,175 - __main__ - INFO - 📥 Input received (first 100 characters): what's your name? I'm Marianna
2025-03-28 15:59:06,176 - __main__ - INFO - 💽 GPU Memory - Allocated: 8665.76MB, Reserved: 8842.00MB
2025-03-28 15:59:06,176 - __main__ - INFO - 💾 Saved to CSV: Q[30] -> A[66]
2025-03-28 15:59:06,176 - werkzeug - INFO - 127.0.0.1 - - [28/Mar/2025 15:59:06] "POST /get_response HTTP/1.1" 200 -
2025-03-28 15:59:06,182 - werkzeug - INFO - 127.0.0.1 - - [28/Mar/2025 15:59:06] "[33mGET /static/user-icon.png HTTP/1.1[0m" 404 -
2025-03-28 15:59:33,187 - __main__ - INFO - 📥 Input received (first 100 characters): Ok, here's the log

{
  "timestamp": "2025-03-28T14:35:18Z",
  "event_type": "Successful Login",
  "
2025-03-28 15:59:33,187 - __main__ - INFO - 💽 GPU Memory - Allocated: 8665.76MB, Reserved: 8842.00MB
2025-03-28 15:59:33,188 - __main__ - INFO - 💾 Saved to CSV: Q[350] -> A[66]
2025-03-28 15:59:33,188 - werkzeug - INFO - 127.0.0.1 - - [28/Mar/2025 15:59:33] "POST /get_response HTTP/1.1" 200 -
2025-03-28 15:59:33,193 - werkzeug - INFO - 127.0.0.1 - - [28/Mar/2025 15:59:33] "[33mGET /static/user-icon.png HTTP/1.1[0m" 404 -
2025-03-28 15:59:36,691 - werkzeug - INFO - 127.0.0.1 - - [28/Mar/2025 15:59:36] "[33mGET /static/user-icon.png HTTP/1.1[0m" 404 -
2025-03-28 15:59:36,697 - __main__ - INFO - 📥 Input received (first 100 characters): {
  "timestamp": "2025-03-28T14:35:18Z",
  "event_type": "Successful Login",
  "source_ip": "185.143
2025-03-28 15:59:36,697 - __main__ - INFO - Prompt generated (4432 characters)
2025-03-28 15:59:45,558 - __main__ - INFO - Response generated (807 characters)
2025-03-28 15:59:45,559 - __main__ - INFO - 💽 GPU Memory - Allocated: 8679.58MB, Reserved: 9074.00MB
2025-03-28 15:59:45,559 - __main__ - INFO - 💾 Saved to CSV: Q[330] -> A[807]
2025-03-28 15:59:45,559 - werkzeug - INFO - 127.0.0.1 - - [28/Mar/2025 15:59:45] "POST /get_response HTTP/1.1" 200 -
2025-03-28 16:23:34,879 - accelerate.utils.modeling - INFO - We will use 90% of the memory on device 0 for storing the model, and 10% for the buffer to avoid OOM. You can set `max_memory` in to a higher value to use more memory (at your own risk).
2025-03-28 16:23:38,336 - __main__ - INFO - ✅ Model and tokenizer loaded successfully
2025-03-28 16:23:38,336 - __main__ - INFO - 💽 GPU Memory - Allocated: 8665.76MB, Reserved: 8842.00MB
2025-03-28 16:23:38,336 - __main__ - INFO - System prompt loaded. Length: 4062 characters
2025-03-28 16:23:38,337 - __main__ - INFO - 🚀 Pipeline initialized with max_length=1024
2025-03-28 16:23:38,338 - __main__ - INFO - 🚀 Production mode active
2025-03-28 16:23:38,338 - __main__ - INFO - 🚀 Starting Flask server...
2025-03-28 16:23:38,338 - werkzeug - INFO - [31m[1mWARNING: This is a development server. Do not use it in a production deployment. Use a production WSGI server instead.[0m
 * Running on http://127.0.0.1:5000
2025-03-28 16:23:38,338 - werkzeug - INFO - [33mPress CTRL+C to quit[0m
2025-03-28 16:23:42,286 - werkzeug - INFO - 127.0.0.1 - - [28/Mar/2025 16:23:42] "GET / HTTP/1.1" 200 -
2025-03-28 16:23:42,462 - werkzeug - INFO - 127.0.0.1 - - [28/Mar/2025 16:23:42] "[36mGET /static/style.css HTTP/1.1[0m" 304 -
2025-03-28 16:23:42,546 - werkzeug - INFO - 127.0.0.1 - - [28/Mar/2025 16:23:42] "[36mGET /static/chatbot.js HTTP/1.1[0m" 304 -
2025-03-28 16:23:42,573 - werkzeug - INFO - 127.0.0.1 - - [28/Mar/2025 16:23:42] "[36mGET /static/bot-icon.png HTTP/1.1[0m" 304 -
2025-03-28 16:23:47,248 - werkzeug - INFO - 127.0.0.1 - - [28/Mar/2025 16:23:47] "[33mGET /static/user-icon.png HTTP/1.1[0m" 404 -
2025-03-28 16:23:47,421 - __main__ - INFO - 📥 Input received (first 100 characters): ciao
2025-03-28 16:23:47,421 - __main__ - INFO - 💽 GPU Memory - Allocated: 8665.76MB, Reserved: 8842.00MB
2025-03-28 16:23:47,425 - __main__ - INFO - 💾 Saved to CSV: Q[4] -> A[79]
2025-03-28 16:23:47,426 - werkzeug - INFO - 127.0.0.1 - - [28/Mar/2025 16:23:47] "POST /get_response HTTP/1.1" 200 -
2025-03-28 16:24:17,267 - __main__ - INFO - 📥 Input received (first 100 characters): Ciao! Puoi analizzare questo log?

{
  "timestamp": "2025-03-28T14:35:18Z",
  "event_type": "Success
2025-03-28 16:24:17,268 - __main__ - INFO - Prompt generated (4432 characters)
2025-03-28 16:24:17,280 - werkzeug - INFO - 127.0.0.1 - - [28/Mar/2025 16:24:17] "[33mGET /static/user-icon.png HTTP/1.1[0m" 404 -
2025-03-28 16:24:27,025 - __main__ - INFO - Response generated (923 characters)
2025-03-28 16:24:27,025 - __main__ - INFO - 💽 GPU Memory - Allocated: 8679.51MB, Reserved: 9074.00MB
2025-03-28 16:24:27,026 - __main__ - INFO - 💾 Saved to CSV: Q[365] -> A[923]
2025-03-28 16:24:27,026 - werkzeug - INFO - 127.0.0.1 - - [28/Mar/2025 16:24:27] "POST /get_response HTTP/1.1" 200 -
2025-03-28 16:47:38,165 - accelerate.utils.modeling - INFO - We will use 90% of the memory on device 0 for storing the model, and 10% for the buffer to avoid OOM. You can set `max_memory` in to a higher value to use more memory (at your own risk).
2025-03-28 16:47:41,534 - __main__ - INFO - ✅ Model and tokenizer loaded successfully
2025-03-28 16:47:41,534 - __main__ - INFO - 💽 GPU Memory - Allocated: 8665.76MB, Reserved: 8842.00MB
2025-03-28 16:47:41,534 - __main__ - INFO - System prompt loaded. Length: 4062 characters
2025-03-28 16:47:41,535 - __main__ - INFO - 🚀 Pipeline initialized with max_length=1024
2025-03-28 16:47:41,535 - __main__ - INFO - 🚀 Production mode active
2025-03-28 16:47:41,535 - __main__ - INFO - 🚀 Starting Flask server...
2025-03-28 16:47:41,536 - werkzeug - INFO - [31m[1mWARNING: This is a development server. Do not use it in a production deployment. Use a production WSGI server instead.[0m
 * Running on http://127.0.0.1:5000
2025-03-28 16:47:41,536 - werkzeug - INFO - [33mPress CTRL+C to quit[0m
2025-03-28 16:47:44,163 - werkzeug - INFO - 127.0.0.1 - - [28/Mar/2025 16:47:44] "GET / HTTP/1.1" 200 -
2025-03-28 16:47:44,542 - werkzeug - INFO - 127.0.0.1 - - [28/Mar/2025 16:47:44] "[36mGET /static/style.css HTTP/1.1[0m" 304 -
2025-03-28 16:47:44,588 - werkzeug - INFO - 127.0.0.1 - - [28/Mar/2025 16:47:44] "[36mGET /static/bot-icon.png HTTP/1.1[0m" 304 -
2025-03-28 16:47:44,606 - werkzeug - INFO - 127.0.0.1 - - [28/Mar/2025 16:47:44] "[36mGET /static/chatbot.js HTTP/1.1[0m" 304 -
2025-03-28 16:47:50,799 - __main__ - INFO - 📥 Input received (first 100 characters): hi!
2025-03-28 16:47:50,799 - __main__ - INFO - 💽 GPU Memory - Allocated: 8665.76MB, Reserved: 8842.00MB
2025-03-28 16:47:50,799 - __main__ - ERROR - ❌ Error in endpoint: 'str' object has no attribute 'items'
Traceback (most recent call last):
  File "/home/vantaggiato/Test_ProgettoVantaggiato/webapp/app.py", line 327, in get_response
    formatted_responses = {phase: ResponseProcessor.format_html(response) for phase, response in responses.items()}
                                                                                                 ^^^^^^^^^^^^^^^
AttributeError: 'str' object has no attribute 'items'
2025-03-28 16:47:50,799 - werkzeug - INFO - 127.0.0.1 - - [28/Mar/2025 16:47:50] "[35m[1mPOST /get_response HTTP/1.1[0m" 500 -
2025-03-28 16:47:50,805 - werkzeug - INFO - 127.0.0.1 - - [28/Mar/2025 16:47:50] "[33mGET /static/user-icon.png HTTP/1.1[0m" 404 -
2025-03-28 16:48:03,495 - werkzeug - INFO - 127.0.0.1 - - [28/Mar/2025 16:48:03] "[33mGET /static/user-icon.png HTTP/1.1[0m" 404 -
2025-03-28 16:48:03,501 - __main__ - INFO - 📥 Input received (first 100 characters): {
  "timestamp": "2025-03-28T14:35:18Z",
  "event_type": "Successful Login",
  "source_ip": "185.143
2025-03-28 16:48:03,501 - __main__ - INFO - Prompt generated (4432 characters)
2025-03-28 16:48:03,502 - __main__ - INFO - Phase prompt generated (4466 characters)
2025-03-28 16:48:12,940 - __main__ - INFO - Response generated for phase Reconnaissance (817 characters)
2025-03-28 16:48:12,949 - __main__ - INFO - Phase prompt generated (4472 characters)
2025-03-28 16:48:21,813 - __main__ - INFO - Response generated for phase Resource Development (808 characters)
2025-03-28 16:48:21,821 - __main__ - INFO - Phase prompt generated (4466 characters)
2025-03-28 16:48:30,773 - __main__ - INFO - Response generated for phase Initial Access (821 characters)
2025-03-28 16:48:30,781 - __main__ - INFO - Phase prompt generated (4461 characters)
2025-03-28 16:48:37,603 - __main__ - INFO - Response generated for phase Execution (656 characters)
2025-03-28 16:48:37,611 - __main__ - INFO - Phase prompt generated (4463 characters)
2025-03-28 16:48:45,704 - __main__ - INFO - Response generated for phase Persistence (745 characters)
2025-03-28 16:48:45,712 - __main__ - INFO - Phase prompt generated (4472 characters)
2025-03-28 16:48:55,518 - __main__ - INFO - Response generated for phase Privilege Escalation (969 characters)
2025-03-28 16:48:55,526 - __main__ - INFO - Phase prompt generated (4467 characters)
2025-03-28 16:49:04,885 - __main__ - INFO - Response generated for phase Defense Evasion (939 characters)
2025-03-28 16:49:04,893 - __main__ - INFO - Phase prompt generated (4469 characters)
2025-03-28 16:49:14,557 - __main__ - INFO - Response generated for phase Credential Access (837 characters)
2025-03-28 16:49:14,565 - __main__ - INFO - Phase prompt generated (4461 characters)
2025-03-28 16:49:24,399 - __main__ - INFO - Response generated for phase Discovery (940 characters)
2025-03-28 16:49:24,407 - __main__ - INFO - Phase prompt generated (4468 characters)
2025-03-28 16:49:31,290 - __main__ - INFO - Response generated for phase Lateral Movement (640 characters)
2025-03-28 16:49:31,299 - __main__ - INFO - Phase prompt generated (4462 characters)
2025-03-28 16:49:40,354 - __main__ - INFO - Response generated for phase Collection (838 characters)
2025-03-28 16:49:40,362 - __main__ - INFO - Phase prompt generated (4471 characters)
2025-03-28 16:49:49,844 - __main__ - INFO - Response generated for phase Command and Control (849 characters)
2025-03-28 16:49:49,852 - __main__ - INFO - Phase prompt generated (4464 characters)
2025-03-28 16:50:00,527 - __main__ - INFO - Response generated for phase Exfiltration (967 characters)
2025-03-28 16:50:00,535 - __main__ - INFO - Phase prompt generated (4458 characters)
2025-03-28 16:50:10,838 - __main__ - INFO - Response generated for phase Impact (909 characters)
2025-03-28 16:50:10,838 - __main__ - WARNING - ⚠️ Slow request: 127.34s
2025-03-28 16:50:10,838 - __main__ - INFO - 💽 GPU Memory - Allocated: 8679.52MB, Reserved: 9076.00MB
2025-03-28 16:50:10,848 - __main__ - INFO - 💾 Saved to CSV: Q[330] -> A[12757]
2025-03-28 16:50:10,848 - werkzeug - INFO - 127.0.0.1 - - [28/Mar/2025 16:50:10] "POST /get_response HTTP/1.1" 200 -
2025-03-28 16:50:10,940 - werkzeug - INFO - 127.0.0.1 - - [28/Mar/2025 16:50:10] "[36mGET /static/bot-icon.png HTTP/1.1[0m" 304 -
2025-03-28 16:57:21,050 - accelerate.utils.modeling - INFO - We will use 90% of the memory on device 0 for storing the model, and 10% for the buffer to avoid OOM. You can set `max_memory` in to a higher value to use more memory (at your own risk).
2025-03-28 16:57:24,625 - __main__ - INFO - ✅ Model and tokenizer loaded successfully
2025-03-28 16:57:24,626 - __main__ - INFO - 💽 GPU Memory - Allocated: 8665.76MB, Reserved: 8842.00MB
2025-03-28 16:57:24,626 - __main__ - INFO - System prompt loaded. Length: 2838 characters
2025-03-28 16:57:24,626 - __main__ - INFO - 🚀 Pipeline initialized with max_length=1024
2025-03-28 16:57:24,627 - __main__ - INFO - 🚀 Production mode active
2025-03-28 16:57:24,627 - __main__ - INFO - 🚀 Starting Flask server...
2025-03-28 16:57:24,627 - werkzeug - INFO - [31m[1mWARNING: This is a development server. Do not use it in a production deployment. Use a production WSGI server instead.[0m
 * Running on http://127.0.0.1:5000
2025-03-28 16:57:24,627 - werkzeug - INFO - [33mPress CTRL+C to quit[0m
2025-03-28 16:57:26,825 - werkzeug - INFO - 127.0.0.1 - - [28/Mar/2025 16:57:26] "GET / HTTP/1.1" 200 -
2025-03-28 16:57:26,881 - werkzeug - INFO - 127.0.0.1 - - [28/Mar/2025 16:57:26] "[36mGET /static/style.css HTTP/1.1[0m" 304 -
2025-03-28 16:57:26,926 - werkzeug - INFO - 127.0.0.1 - - [28/Mar/2025 16:57:26] "[36mGET /static/chatbot.js HTTP/1.1[0m" 304 -
2025-03-28 16:57:26,937 - werkzeug - INFO - 127.0.0.1 - - [28/Mar/2025 16:57:26] "[36mGET /static/bot-icon.png HTTP/1.1[0m" 304 -
2025-03-28 16:57:30,678 - werkzeug - INFO - 127.0.0.1 - - [28/Mar/2025 16:57:30] "[33mGET /static/user-icon.png HTTP/1.1[0m" 404 -
2025-03-28 16:57:30,690 - __main__ - INFO - 📥 Input received (first 100 characters): hi
2025-03-28 16:57:30,690 - __main__ - INFO - 💽 GPU Memory - Allocated: 8665.76MB, Reserved: 8842.00MB
2025-03-28 16:57:30,690 - __main__ - ERROR - ❌ Error in endpoint: 'str' object has no attribute 'items'
Traceback (most recent call last):
  File "/home/vantaggiato/Test_ProgettoVantaggiato/webapp/app.py", line 327, in get_response
    formatted_responses = {phase: ResponseProcessor.format_html(response) for phase, response in responses.items()}
                                                                                                 ^^^^^^^^^^^^^^^
AttributeError: 'str' object has no attribute 'items'
2025-03-28 16:57:30,691 - werkzeug - INFO - 127.0.0.1 - - [28/Mar/2025 16:57:30] "[35m[1mPOST /get_response HTTP/1.1[0m" 500 -
2025-03-28 16:58:08,723 - __main__ - INFO - 📥 Input received (first 100 characters): {
  "timestamp": "2025-03-28T14:35:18Z",
  "event_type": "Successful Login",
  "source_ip": "185.143
2025-03-28 16:58:08,723 - __main__ - INFO - Prompt generated (3208 characters)
2025-03-28 16:58:08,723 - __main__ - INFO - Phase prompt generated (3242 characters)
2025-03-28 16:58:08,737 - werkzeug - INFO - 127.0.0.1 - - [28/Mar/2025 16:58:08] "[33mGET /static/user-icon.png HTTP/1.1[0m" 404 -
2025-03-28 16:58:48,966 - __main__ - INFO - Response generated for phase Reconnaissance (3784 characters)
2025-03-28 16:58:48,972 - __main__ - INFO - Phase prompt generated (3248 characters)
2025-03-28 16:58:54,540 - __main__ - INFO - Response generated for phase Resource Development (838 characters)
2025-03-28 16:58:54,545 - __main__ - INFO - Phase prompt generated (3242 characters)
2025-03-28 16:59:35,057 - __main__ - INFO - Response generated for phase Initial Access (2530 characters)
2025-03-28 16:59:35,063 - __main__ - INFO - Phase prompt generated (3237 characters)
2025-03-28 16:59:41,680 - __main__ - INFO - Response generated for phase Execution (883 characters)
2025-03-28 16:59:41,685 - __main__ - INFO - Phase prompt generated (3239 characters)
2025-03-28 17:00:22,596 - __main__ - INFO - Response generated for phase Persistence (2918 characters)
2025-03-28 17:00:22,602 - __main__ - INFO - Phase prompt generated (3248 characters)
2025-03-28 17:00:25,121 - __main__ - INFO - Response generated for phase Privilege Escalation (371 characters)
2025-03-28 17:00:25,127 - __main__ - INFO - Phase prompt generated (3243 characters)
2025-03-28 17:01:05,530 - __main__ - INFO - Response generated for phase Defense Evasion (2736 characters)
2025-03-28 17:01:05,536 - __main__ - INFO - Phase prompt generated (3245 characters)
2025-03-28 17:01:45,478 - __main__ - INFO - Response generated for phase Credential Access (4193 characters)
2025-03-28 17:01:45,485 - __main__ - INFO - Phase prompt generated (3237 characters)
2025-03-28 17:01:54,451 - __main__ - INFO - Response generated for phase Discovery (1294 characters)
2025-03-28 17:01:54,456 - __main__ - INFO - Phase prompt generated (3244 characters)
2025-03-28 17:01:57,751 - __main__ - INFO - Response generated for phase Lateral Movement (458 characters)
2025-03-28 17:01:57,756 - __main__ - INFO - Phase prompt generated (3238 characters)
2025-03-28 17:02:01,067 - __main__ - INFO - Response generated for phase Collection (495 characters)
2025-03-28 17:02:01,072 - __main__ - INFO - Phase prompt generated (3247 characters)
2025-03-28 17:02:08,241 - __main__ - INFO - Response generated for phase Command and Control (1008 characters)
2025-03-28 17:02:08,246 - __main__ - INFO - Phase prompt generated (3240 characters)
2025-03-28 17:02:14,763 - __main__ - INFO - Response generated for phase Exfiltration (886 characters)
2025-03-28 17:02:14,768 - __main__ - INFO - Phase prompt generated (3234 characters)
2025-03-28 17:02:19,291 - __main__ - INFO - Response generated for phase Impact (638 characters)
2025-03-28 17:02:19,291 - __main__ - WARNING - ⚠️ Slow request: 250.57s
2025-03-28 17:02:19,291 - __main__ - INFO - 💽 GPU Memory - Allocated: 8679.85MB, Reserved: 8954.00MB
2025-03-28 17:02:31,137 - __main__ - INFO - 💾 Saved to CSV: Q[330] -> A[23428]
2025-03-28 17:02:31,138 - werkzeug - INFO - 127.0.0.1 - - [28/Mar/2025 17:02:31] "POST /get_response HTTP/1.1" 200 -
2025-03-28 17:03:59,812 - accelerate.utils.modeling - INFO - We will use 90% of the memory on device 0 for storing the model, and 10% for the buffer to avoid OOM. You can set `max_memory` in to a higher value to use more memory (at your own risk).
2025-03-28 17:04:03,521 - __main__ - INFO - ✅ Model and tokenizer loaded successfully
2025-03-28 17:04:03,522 - __main__ - INFO - 💽 GPU Memory - Allocated: 8665.76MB, Reserved: 8842.00MB
2025-03-28 17:04:03,522 - __main__ - INFO - System prompt loaded. Length: 2838 characters
2025-03-28 17:04:03,522 - __main__ - INFO - 🚀 Pipeline initialized with max_length=1024
2025-03-28 17:04:03,523 - __main__ - INFO - 🚀 Production mode active
2025-03-28 17:04:03,523 - __main__ - INFO - 🚀 Starting Flask server...
2025-03-28 17:04:03,523 - werkzeug - INFO - [31m[1mWARNING: This is a development server. Do not use it in a production deployment. Use a production WSGI server instead.[0m
 * Running on http://127.0.0.1:5000
2025-03-28 17:04:03,523 - werkzeug - INFO - [33mPress CTRL+C to quit[0m
2025-03-28 17:04:17,005 - werkzeug - INFO - 127.0.0.1 - - [28/Mar/2025 17:04:17] "GET / HTTP/1.1" 200 -
2025-03-28 17:04:17,104 - werkzeug - INFO - 127.0.0.1 - - [28/Mar/2025 17:04:17] "[36mGET /static/style.css HTTP/1.1[0m" 304 -
2025-03-28 17:04:17,160 - werkzeug - INFO - 127.0.0.1 - - [28/Mar/2025 17:04:17] "[36mGET /static/chatbot.js HTTP/1.1[0m" 304 -
2025-03-28 17:04:17,181 - werkzeug - INFO - 127.0.0.1 - - [28/Mar/2025 17:04:17] "[36mGET /static/bot-icon.png HTTP/1.1[0m" 304 -
2025-03-28 17:04:25,312 - __main__ - INFO - 📥 Input received (first 100 characters): {
  "timestamp": "2025-03-28T14:35:18Z",
  "event_type": "Successful Login",
  "source_ip": "185.143
2025-03-28 17:04:25,312 - __main__ - INFO - Prompt generated (3208 characters)
2025-03-28 17:04:25,313 - __main__ - INFO - Phase prompt generated (3242 characters)
2025-03-28 17:04:25,327 - werkzeug - INFO - 127.0.0.1 - - [28/Mar/2025 17:04:25] "[33mGET /static/user-icon.png HTTP/1.1[0m" 404 -
2025-03-28 17:04:35,010 - __main__ - INFO - Response generated for phase Reconnaissance (1355 characters)
2025-03-28 17:04:35,016 - __main__ - INFO - Phase prompt generated (3248 characters)
2025-03-28 17:04:37,549 - __main__ - INFO - Response generated for phase Resource Development (411 characters)
2025-03-28 17:04:37,554 - __main__ - INFO - Phase prompt generated (3242 characters)
2025-03-28 17:05:17,238 - __main__ - INFO - Response generated for phase Initial Access (4243 characters)
2025-03-28 17:05:17,245 - __main__ - INFO - Phase prompt generated (3237 characters)
2025-03-28 17:05:24,251 - __main__ - INFO - Response generated for phase Execution (977 characters)
2025-03-28 17:05:24,257 - __main__ - INFO - Phase prompt generated (3239 characters)
2025-03-28 17:05:29,351 - __main__ - INFO - Response generated for phase Persistence (681 characters)
2025-03-28 17:05:29,356 - __main__ - INFO - Phase prompt generated (3248 characters)
2025-03-28 17:05:35,567 - __main__ - INFO - Response generated for phase Privilege Escalation (821 characters)
2025-03-28 17:05:35,572 - __main__ - INFO - Phase prompt generated (3243 characters)
2025-03-28 17:05:41,197 - __main__ - INFO - Response generated for phase Defense Evasion (940 characters)
2025-03-28 17:05:41,202 - __main__ - INFO - Phase prompt generated (3245 characters)
2025-03-28 17:06:09,816 - __main__ - INFO - Response generated for phase Credential Access (3663 characters)
2025-03-28 17:06:09,821 - __main__ - INFO - Phase prompt generated (3237 characters)
2025-03-28 17:06:24,456 - __main__ - INFO - Response generated for phase Discovery (2062 characters)
2025-03-28 17:06:24,462 - __main__ - INFO - Phase prompt generated (3244 characters)
2025-03-28 17:06:28,446 - __main__ - INFO - Response generated for phase Lateral Movement (594 characters)
2025-03-28 17:06:28,452 - __main__ - INFO - Phase prompt generated (3238 characters)
2025-03-28 17:06:32,189 - __main__ - INFO - Response generated for phase Collection (525 characters)
2025-03-28 17:06:32,195 - __main__ - INFO - Phase prompt generated (3247 characters)
2025-03-28 17:06:35,176 - __main__ - INFO - Response generated for phase Command and Control (449 characters)
2025-03-28 17:06:35,181 - __main__ - INFO - Phase prompt generated (3240 characters)
2025-03-28 17:06:37,945 - __main__ - INFO - Response generated for phase Exfiltration (351 characters)
2025-03-28 17:06:37,950 - __main__ - INFO - Phase prompt generated (3234 characters)
2025-03-28 17:06:40,671 - __main__ - INFO - Response generated for phase Impact (431 characters)
2025-03-28 17:06:40,735 - __main__ - INFO - 💾 Saved to CSV: Q[330] -> A[17856]
2025-03-28 17:06:40,736 - werkzeug - INFO - 127.0.0.1 - - [28/Mar/2025 17:06:40] "POST /get_response HTTP/1.1" 200 -
2025-03-28 17:19:04,072 - accelerate.utils.modeling - INFO - We will use 90% of the memory on device 0 for storing the model, and 10% for the buffer to avoid OOM. You can set `max_memory` in to a higher value to use more memory (at your own risk).
2025-03-28 17:19:07,445 - __main__ - INFO - ✅ Model and tokenizer loaded successfully
2025-03-28 17:19:07,445 - __main__ - INFO - 💽 GPU Memory - Allocated: 8665.76MB, Reserved: 8842.00MB
2025-03-28 17:19:07,445 - __main__ - INFO - System prompt loaded. Length: 2838 characters
2025-03-28 17:19:07,446 - __main__ - INFO - 🚀 Pipeline initialized with max_length=1024
2025-03-28 17:19:07,446 - __main__ - INFO - 🚀 Production mode active
2025-03-28 17:19:07,446 - __main__ - INFO - 🚀 Starting Flask server...
2025-03-28 17:19:07,447 - werkzeug - INFO - [31m[1mWARNING: This is a development server. Do not use it in a production deployment. Use a production WSGI server instead.[0m
 * Running on http://127.0.0.1:5000
2025-03-28 17:19:07,447 - werkzeug - INFO - [33mPress CTRL+C to quit[0m
2025-03-28 17:19:10,762 - werkzeug - INFO - 127.0.0.1 - - [28/Mar/2025 17:19:10] "GET / HTTP/1.1" 200 -
2025-03-28 17:19:10,860 - werkzeug - INFO - 127.0.0.1 - - [28/Mar/2025 17:19:10] "[36mGET /static/style.css HTTP/1.1[0m" 304 -
2025-03-28 17:19:10,944 - werkzeug - INFO - 127.0.0.1 - - [28/Mar/2025 17:19:10] "[36mGET /static/bot-icon.png HTTP/1.1[0m" 304 -
2025-03-28 17:19:17,775 - __main__ - INFO - 📥 Input received (first 100 characters): hi
2025-03-28 17:19:17,775 - __main__ - INFO - 💽 GPU Memory - Allocated: 8665.76MB, Reserved: 8842.00MB
2025-03-28 17:19:17,775 - __main__ - ERROR - ❌ Error in endpoint: 'str' object has no attribute 'items'
Traceback (most recent call last):
  File "/home/vantaggiato/Test_ProgettoVantaggiato/webapp/app.py", line 332, in get_response
    formatted_responses = {phase: ResponseProcessor.format_html(response) for phase, response in responses.items()}
                                                                                                 ^^^^^^^^^^^^^^^
AttributeError: 'str' object has no attribute 'items'
2025-03-28 17:19:17,775 - werkzeug - INFO - 127.0.0.1 - - [28/Mar/2025 17:19:17] "[35m[1mPOST /get_response HTTP/1.1[0m" 500 -
2025-03-28 17:19:17,787 - werkzeug - INFO - 127.0.0.1 - - [28/Mar/2025 17:19:17] "[35m[1mGET /stream HTTP/1.1[0m" 500 -
2025-03-28 17:19:17,817 - werkzeug - ERROR - Error on request:
Traceback (most recent call last):
  File "/home/vantaggiato/Test_ProgettoVantaggiato/venv/lib/python3.11/site-packages/werkzeug/serving.py", line 370, in run_wsgi
    execute(self.server.app)
  File "/home/vantaggiato/Test_ProgettoVantaggiato/venv/lib/python3.11/site-packages/werkzeug/serving.py", line 331, in execute
    application_iter = app(environ, start_response)
                       ^^^^^^^^^^^^^^^^^^^^^^^^^^^^
  File "/home/vantaggiato/Test_ProgettoVantaggiato/venv/lib/python3.11/site-packages/flask/app.py", line 1536, in __call__
    return self.wsgi_app(environ, start_response)
           ^^^^^^^^^^^^^^^^^^^^^^^^^^^^^^^^^^^^^^
  File "/home/vantaggiato/Test_ProgettoVantaggiato/venv/lib/python3.11/site-packages/flask/app.py", line 1514, in wsgi_app
    response = self.handle_exception(e)
               ^^^^^^^^^^^^^^^^^^^^^^^^
  File "/home/vantaggiato/Test_ProgettoVantaggiato/venv/lib/python3.11/site-packages/flask_cors/extension.py", line 176, in wrapped_function
    return cors_after_request(app.make_response(f(*args, **kwargs)))
                                                ^^^^^^^^^^^^^^^^^^^^
  File "/home/vantaggiato/Test_ProgettoVantaggiato/venv/lib/python3.11/site-packages/flask/app.py", line 1511, in wsgi_app
    response = self.full_dispatch_request()
               ^^^^^^^^^^^^^^^^^^^^^^^^^^^^
  File "/home/vantaggiato/Test_ProgettoVantaggiato/venv/lib/python3.11/site-packages/flask/app.py", line 920, in full_dispatch_request
    return self.finalize_request(rv)
           ^^^^^^^^^^^^^^^^^^^^^^^^^
  File "/home/vantaggiato/Test_ProgettoVantaggiato/venv/lib/python3.11/site-packages/flask/app.py", line 941, in finalize_request
    response = self.process_response(response)
               ^^^^^^^^^^^^^^^^^^^^^^^^^^^^^^^
  File "/home/vantaggiato/Test_ProgettoVantaggiato/venv/lib/python3.11/site-packages/flask/app.py", line 1319, in process_response
    response = self.ensure_sync(func)(response)
               ^^^^^^^^^^^^^^^^^^^^^^^^^^^^^^^^
  File "/home/vantaggiato/Test_ProgettoVantaggiato/webapp/app.py", line 353, in after_request
    response.headers["X-Content-Length"] = response.calculate_content_length()
                                           ^^^^^^^^^^^^^^^^^^^^^^^^^^^^^^^^^^^
  File "/home/vantaggiato/Test_ProgettoVantaggiato/venv/lib/python3.11/site-packages/werkzeug/wrappers/response.py", line 311, in calculate_content_length
    self._ensure_sequence()
  File "/home/vantaggiato/Test_ProgettoVantaggiato/venv/lib/python3.11/site-packages/werkzeug/wrappers/response.py", line 339, in _ensure_sequence
    self.make_sequence()
  File "/home/vantaggiato/Test_ProgettoVantaggiato/venv/lib/python3.11/site-packages/werkzeug/wrappers/response.py", line 354, in make_sequence
    self.response = list(self.iter_encoded())
                    ^^^^^^^^^^^^^^^^^^^^^^^^^
  File "/home/vantaggiato/Test_ProgettoVantaggiato/venv/lib/python3.11/site-packages/werkzeug/wrappers/response.py", line 32, in _iter_encoded
    for item in iterable:
  File "/home/vantaggiato/Test_ProgettoVantaggiato/venv/lib/python3.11/site-packages/flask/helpers.py", line 125, in generator
    yield from gen
  File "/home/vantaggiato/Test_ProgettoVantaggiato/venv/lib/python3.11/site-packages/flask_sse.py", line 161, in generator
    for message in self.messages(channel=channel):
  File "/home/vantaggiato/Test_ProgettoVantaggiato/venv/lib/python3.11/site-packages/flask_sse.py", line 137, in messages
    pubsub = self.redis.pubsub()
             ^^^^^^^^^^^^^^^^^^^
  File "/home/vantaggiato/Test_ProgettoVantaggiato/venv/lib/python3.11/site-packages/flask_sse.py", line 110, in redis
    raise KeyError("Must set a redis connection URL in app config.")
KeyError: 'Must set a redis connection URL in app config.'
2025-03-28 17:19:20,679 - werkzeug - INFO - 127.0.0.1 - - [28/Mar/2025 17:19:20] "[35m[1mGET /stream HTTP/1.1[0m" 500 -
2025-03-28 17:19:20,688 - __main__ - INFO - 📥 Input received (first 100 characters): hi
2025-03-28 17:19:20,689 - __main__ - INFO - 💽 GPU Memory - Allocated: 8665.76MB, Reserved: 8842.00MB
2025-03-28 17:19:20,689 - __main__ - ERROR - ❌ Error in endpoint: 'str' object has no attribute 'items'
Traceback (most recent call last):
  File "/home/vantaggiato/Test_ProgettoVantaggiato/webapp/app.py", line 332, in get_response
    formatted_responses = {phase: ResponseProcessor.format_html(response) for phase, response in responses.items()}
                                                                                                 ^^^^^^^^^^^^^^^
AttributeError: 'str' object has no attribute 'items'
2025-03-28 17:19:20,689 - werkzeug - INFO - 127.0.0.1 - - [28/Mar/2025 17:19:20] "[35m[1mPOST /get_response HTTP/1.1[0m" 500 -
2025-03-28 17:19:20,690 - werkzeug - ERROR - Error on request:
Traceback (most recent call last):
  File "/home/vantaggiato/Test_ProgettoVantaggiato/venv/lib/python3.11/site-packages/werkzeug/serving.py", line 370, in run_wsgi
    execute(self.server.app)
  File "/home/vantaggiato/Test_ProgettoVantaggiato/venv/lib/python3.11/site-packages/werkzeug/serving.py", line 331, in execute
    application_iter = app(environ, start_response)
                       ^^^^^^^^^^^^^^^^^^^^^^^^^^^^
  File "/home/vantaggiato/Test_ProgettoVantaggiato/venv/lib/python3.11/site-packages/flask/app.py", line 1536, in __call__
    return self.wsgi_app(environ, start_response)
           ^^^^^^^^^^^^^^^^^^^^^^^^^^^^^^^^^^^^^^
  File "/home/vantaggiato/Test_ProgettoVantaggiato/venv/lib/python3.11/site-packages/flask/app.py", line 1514, in wsgi_app
    response = self.handle_exception(e)
               ^^^^^^^^^^^^^^^^^^^^^^^^
  File "/home/vantaggiato/Test_ProgettoVantaggiato/venv/lib/python3.11/site-packages/flask_cors/extension.py", line 176, in wrapped_function
    return cors_after_request(app.make_response(f(*args, **kwargs)))
                                                ^^^^^^^^^^^^^^^^^^^^
  File "/home/vantaggiato/Test_ProgettoVantaggiato/venv/lib/python3.11/site-packages/flask/app.py", line 1511, in wsgi_app
    response = self.full_dispatch_request()
               ^^^^^^^^^^^^^^^^^^^^^^^^^^^^
  File "/home/vantaggiato/Test_ProgettoVantaggiato/venv/lib/python3.11/site-packages/flask/app.py", line 920, in full_dispatch_request
    return self.finalize_request(rv)
           ^^^^^^^^^^^^^^^^^^^^^^^^^
  File "/home/vantaggiato/Test_ProgettoVantaggiato/venv/lib/python3.11/site-packages/flask/app.py", line 941, in finalize_request
    response = self.process_response(response)
               ^^^^^^^^^^^^^^^^^^^^^^^^^^^^^^^
  File "/home/vantaggiato/Test_ProgettoVantaggiato/venv/lib/python3.11/site-packages/flask/app.py", line 1319, in process_response
    response = self.ensure_sync(func)(response)
               ^^^^^^^^^^^^^^^^^^^^^^^^^^^^^^^^
  File "/home/vantaggiato/Test_ProgettoVantaggiato/webapp/app.py", line 353, in after_request
    response.headers["X-Content-Length"] = response.calculate_content_length()
                                           ^^^^^^^^^^^^^^^^^^^^^^^^^^^^^^^^^^^
  File "/home/vantaggiato/Test_ProgettoVantaggiato/venv/lib/python3.11/site-packages/werkzeug/wrappers/response.py", line 311, in calculate_content_length
    self._ensure_sequence()
  File "/home/vantaggiato/Test_ProgettoVantaggiato/venv/lib/python3.11/site-packages/werkzeug/wrappers/response.py", line 339, in _ensure_sequence
    self.make_sequence()
  File "/home/vantaggiato/Test_ProgettoVantaggiato/venv/lib/python3.11/site-packages/werkzeug/wrappers/response.py", line 354, in make_sequence
    self.response = list(self.iter_encoded())
                    ^^^^^^^^^^^^^^^^^^^^^^^^^
  File "/home/vantaggiato/Test_ProgettoVantaggiato/venv/lib/python3.11/site-packages/werkzeug/wrappers/response.py", line 32, in _iter_encoded
    for item in iterable:
  File "/home/vantaggiato/Test_ProgettoVantaggiato/venv/lib/python3.11/site-packages/flask/helpers.py", line 125, in generator
    yield from gen
  File "/home/vantaggiato/Test_ProgettoVantaggiato/venv/lib/python3.11/site-packages/flask_sse.py", line 161, in generator
    for message in self.messages(channel=channel):
  File "/home/vantaggiato/Test_ProgettoVantaggiato/venv/lib/python3.11/site-packages/flask_sse.py", line 137, in messages
    pubsub = self.redis.pubsub()
             ^^^^^^^^^^^^^^^^^^^
  File "/home/vantaggiato/Test_ProgettoVantaggiato/venv/lib/python3.11/site-packages/flask_sse.py", line 110, in redis
    raise KeyError("Must set a redis connection URL in app config.")
KeyError: 'Must set a redis connection URL in app config.'
2025-03-28 17:19:21,592 - werkzeug - INFO - 127.0.0.1 - - [28/Mar/2025 17:19:21] "[35m[1mGET /stream HTTP/1.1[0m" 500 -
2025-03-28 17:19:21,602 - __main__ - INFO - 📥 Input received (first 100 characters): hi
2025-03-28 17:19:21,602 - __main__ - INFO - 💽 GPU Memory - Allocated: 8665.76MB, Reserved: 8842.00MB
2025-03-28 17:19:21,602 - __main__ - ERROR - ❌ Error in endpoint: 'str' object has no attribute 'items'
Traceback (most recent call last):
  File "/home/vantaggiato/Test_ProgettoVantaggiato/webapp/app.py", line 332, in get_response
    formatted_responses = {phase: ResponseProcessor.format_html(response) for phase, response in responses.items()}
                                                                                                 ^^^^^^^^^^^^^^^
AttributeError: 'str' object has no attribute 'items'
2025-03-28 17:19:21,603 - werkzeug - INFO - 127.0.0.1 - - [28/Mar/2025 17:19:21] "[35m[1mPOST /get_response HTTP/1.1[0m" 500 -
2025-03-28 17:19:21,603 - werkzeug - ERROR - Error on request:
Traceback (most recent call last):
  File "/home/vantaggiato/Test_ProgettoVantaggiato/venv/lib/python3.11/site-packages/werkzeug/serving.py", line 370, in run_wsgi
    execute(self.server.app)
  File "/home/vantaggiato/Test_ProgettoVantaggiato/venv/lib/python3.11/site-packages/werkzeug/serving.py", line 331, in execute
    application_iter = app(environ, start_response)
                       ^^^^^^^^^^^^^^^^^^^^^^^^^^^^
  File "/home/vantaggiato/Test_ProgettoVantaggiato/venv/lib/python3.11/site-packages/flask/app.py", line 1536, in __call__
    return self.wsgi_app(environ, start_response)
           ^^^^^^^^^^^^^^^^^^^^^^^^^^^^^^^^^^^^^^
  File "/home/vantaggiato/Test_ProgettoVantaggiato/venv/lib/python3.11/site-packages/flask/app.py", line 1514, in wsgi_app
    response = self.handle_exception(e)
               ^^^^^^^^^^^^^^^^^^^^^^^^
  File "/home/vantaggiato/Test_ProgettoVantaggiato/venv/lib/python3.11/site-packages/flask_cors/extension.py", line 176, in wrapped_function
    return cors_after_request(app.make_response(f(*args, **kwargs)))
                                                ^^^^^^^^^^^^^^^^^^^^
  File "/home/vantaggiato/Test_ProgettoVantaggiato/venv/lib/python3.11/site-packages/flask/app.py", line 1511, in wsgi_app
    response = self.full_dispatch_request()
               ^^^^^^^^^^^^^^^^^^^^^^^^^^^^
  File "/home/vantaggiato/Test_ProgettoVantaggiato/venv/lib/python3.11/site-packages/flask/app.py", line 920, in full_dispatch_request
    return self.finalize_request(rv)
           ^^^^^^^^^^^^^^^^^^^^^^^^^
  File "/home/vantaggiato/Test_ProgettoVantaggiato/venv/lib/python3.11/site-packages/flask/app.py", line 941, in finalize_request
    response = self.process_response(response)
               ^^^^^^^^^^^^^^^^^^^^^^^^^^^^^^^
  File "/home/vantaggiato/Test_ProgettoVantaggiato/venv/lib/python3.11/site-packages/flask/app.py", line 1319, in process_response
    response = self.ensure_sync(func)(response)
               ^^^^^^^^^^^^^^^^^^^^^^^^^^^^^^^^
  File "/home/vantaggiato/Test_ProgettoVantaggiato/webapp/app.py", line 353, in after_request
    response.headers["X-Content-Length"] = response.calculate_content_length()
                                           ^^^^^^^^^^^^^^^^^^^^^^^^^^^^^^^^^^^
  File "/home/vantaggiato/Test_ProgettoVantaggiato/venv/lib/python3.11/site-packages/werkzeug/wrappers/response.py", line 311, in calculate_content_length
    self._ensure_sequence()
  File "/home/vantaggiato/Test_ProgettoVantaggiato/venv/lib/python3.11/site-packages/werkzeug/wrappers/response.py", line 339, in _ensure_sequence
    self.make_sequence()
  File "/home/vantaggiato/Test_ProgettoVantaggiato/venv/lib/python3.11/site-packages/werkzeug/wrappers/response.py", line 354, in make_sequence
    self.response = list(self.iter_encoded())
                    ^^^^^^^^^^^^^^^^^^^^^^^^^
  File "/home/vantaggiato/Test_ProgettoVantaggiato/venv/lib/python3.11/site-packages/werkzeug/wrappers/response.py", line 32, in _iter_encoded
    for item in iterable:
  File "/home/vantaggiato/Test_ProgettoVantaggiato/venv/lib/python3.11/site-packages/flask/helpers.py", line 125, in generator
    yield from gen
  File "/home/vantaggiato/Test_ProgettoVantaggiato/venv/lib/python3.11/site-packages/flask_sse.py", line 161, in generator
    for message in self.messages(channel=channel):
  File "/home/vantaggiato/Test_ProgettoVantaggiato/venv/lib/python3.11/site-packages/flask_sse.py", line 137, in messages
    pubsub = self.redis.pubsub()
             ^^^^^^^^^^^^^^^^^^^
  File "/home/vantaggiato/Test_ProgettoVantaggiato/venv/lib/python3.11/site-packages/flask_sse.py", line 110, in redis
    raise KeyError("Must set a redis connection URL in app config.")
KeyError: 'Must set a redis connection URL in app config.'
2025-03-28 17:29:46,224 - accelerate.utils.modeling - INFO - We will use 90% of the memory on device 0 for storing the model, and 10% for the buffer to avoid OOM. You can set `max_memory` in to a higher value to use more memory (at your own risk).
2025-03-28 17:29:49,671 - __main__ - INFO - ✅ Model and tokenizer loaded successfully
2025-03-28 17:29:49,671 - __main__ - INFO - 💽 GPU Memory - Allocated: 8665.76MB, Reserved: 8842.00MB
2025-03-28 17:29:49,672 - __main__ - INFO - System prompt loaded. Length: 2838 characters
2025-03-28 17:29:49,672 - __main__ - INFO - 🚀 Pipeline initialized with max_length=1024
2025-03-28 17:29:49,672 - __main__ - INFO - 🚀 Production mode active
2025-03-28 17:29:49,673 - __main__ - INFO - 🚀 Starting Flask server...
2025-03-28 17:29:49,673 - werkzeug - INFO - [31m[1mWARNING: This is a development server. Do not use it in a production deployment. Use a production WSGI server instead.[0m
 * Running on http://127.0.0.1:5000
2025-03-28 17:29:49,673 - werkzeug - INFO - [33mPress CTRL+C to quit[0m
2025-03-28 17:29:54,328 - werkzeug - INFO - 127.0.0.1 - - [28/Mar/2025 17:29:54] "GET / HTTP/1.1" 200 -
2025-03-28 17:29:54,388 - werkzeug - INFO - 127.0.0.1 - - [28/Mar/2025 17:29:54] "[36mGET /static/style.css HTTP/1.1[0m" 304 -
2025-03-28 17:29:54,425 - werkzeug - INFO - 127.0.0.1 - - [28/Mar/2025 17:29:54] "GET /static/chatbot.js HTTP/1.1" 200 -
2025-03-28 17:29:54,426 - werkzeug - INFO - 127.0.0.1 - - [28/Mar/2025 17:29:54] "[36mGET /static/bot-icon.png HTTP/1.1[0m" 304 -
2025-03-28 17:30:49,304 - werkzeug - INFO - 127.0.0.1 - - [28/Mar/2025 17:30:49] "[33mGET /static/user-icon.png HTTP/1.1[0m" 404 -
2025-03-28 17:30:49,304 - __main__ - INFO - 📥 Input received (first 100 characters): {
  "timestamp": "2025-03-28T15:05:29Z",
  "event_type": "User Behavior Anomaly",
  "username": "mjo
2025-03-28 17:30:49,305 - __main__ - INFO - Prompt generated (3223 characters)
2025-03-28 17:30:49,305 - __main__ - INFO - Phase prompt generated (3257 characters)
2025-03-28 17:30:49,469 - werkzeug - INFO - 127.0.0.1 - - [28/Mar/2025 17:30:49] "[35m[1mGET /stream HTTP/1.1[0m" 500 -
2025-03-28 17:30:49,482 - werkzeug - ERROR - Error on request:
Traceback (most recent call last):
  File "/home/vantaggiato/Test_ProgettoVantaggiato/venv/lib/python3.11/site-packages/werkzeug/serving.py", line 370, in run_wsgi
    execute(self.server.app)
  File "/home/vantaggiato/Test_ProgettoVantaggiato/venv/lib/python3.11/site-packages/werkzeug/serving.py", line 331, in execute
    application_iter = app(environ, start_response)
                       ^^^^^^^^^^^^^^^^^^^^^^^^^^^^
  File "/home/vantaggiato/Test_ProgettoVantaggiato/venv/lib/python3.11/site-packages/flask/app.py", line 1536, in __call__
    return self.wsgi_app(environ, start_response)
           ^^^^^^^^^^^^^^^^^^^^^^^^^^^^^^^^^^^^^^
  File "/home/vantaggiato/Test_ProgettoVantaggiato/venv/lib/python3.11/site-packages/flask/app.py", line 1514, in wsgi_app
    response = self.handle_exception(e)
               ^^^^^^^^^^^^^^^^^^^^^^^^
  File "/home/vantaggiato/Test_ProgettoVantaggiato/venv/lib/python3.11/site-packages/flask_cors/extension.py", line 176, in wrapped_function
    return cors_after_request(app.make_response(f(*args, **kwargs)))
                                                ^^^^^^^^^^^^^^^^^^^^
  File "/home/vantaggiato/Test_ProgettoVantaggiato/venv/lib/python3.11/site-packages/flask/app.py", line 1511, in wsgi_app
    response = self.full_dispatch_request()
               ^^^^^^^^^^^^^^^^^^^^^^^^^^^^
  File "/home/vantaggiato/Test_ProgettoVantaggiato/venv/lib/python3.11/site-packages/flask/app.py", line 920, in full_dispatch_request
    return self.finalize_request(rv)
           ^^^^^^^^^^^^^^^^^^^^^^^^^
  File "/home/vantaggiato/Test_ProgettoVantaggiato/venv/lib/python3.11/site-packages/flask/app.py", line 941, in finalize_request
    response = self.process_response(response)
               ^^^^^^^^^^^^^^^^^^^^^^^^^^^^^^^
  File "/home/vantaggiato/Test_ProgettoVantaggiato/venv/lib/python3.11/site-packages/flask/app.py", line 1319, in process_response
    response = self.ensure_sync(func)(response)
               ^^^^^^^^^^^^^^^^^^^^^^^^^^^^^^^^
  File "/home/vantaggiato/Test_ProgettoVantaggiato/webapp/app.py", line 353, in after_request
    response.headers["X-Content-Length"] = response.calculate_content_length()
                                           ^^^^^^^^^^^^^^^^^^^^^^^^^^^^^^^^^^^
  File "/home/vantaggiato/Test_ProgettoVantaggiato/venv/lib/python3.11/site-packages/werkzeug/wrappers/response.py", line 311, in calculate_content_length
    self._ensure_sequence()
  File "/home/vantaggiato/Test_ProgettoVantaggiato/venv/lib/python3.11/site-packages/werkzeug/wrappers/response.py", line 339, in _ensure_sequence
    self.make_sequence()
  File "/home/vantaggiato/Test_ProgettoVantaggiato/venv/lib/python3.11/site-packages/werkzeug/wrappers/response.py", line 354, in make_sequence
    self.response = list(self.iter_encoded())
                    ^^^^^^^^^^^^^^^^^^^^^^^^^
  File "/home/vantaggiato/Test_ProgettoVantaggiato/venv/lib/python3.11/site-packages/werkzeug/wrappers/response.py", line 32, in _iter_encoded
    for item in iterable:
  File "/home/vantaggiato/Test_ProgettoVantaggiato/venv/lib/python3.11/site-packages/flask/helpers.py", line 125, in generator
    yield from gen
  File "/home/vantaggiato/Test_ProgettoVantaggiato/venv/lib/python3.11/site-packages/flask_sse.py", line 161, in generator
    for message in self.messages(channel=channel):
  File "/home/vantaggiato/Test_ProgettoVantaggiato/venv/lib/python3.11/site-packages/flask_sse.py", line 137, in messages
    pubsub = self.redis.pubsub()
             ^^^^^^^^^^^^^^^^^^^
  File "/home/vantaggiato/Test_ProgettoVantaggiato/venv/lib/python3.11/site-packages/flask_sse.py", line 110, in redis
    raise KeyError("Must set a redis connection URL in app config.")
KeyError: 'Must set a redis connection URL in app config.'
2025-03-28 17:30:56,980 - __main__ - INFO - Response generated for phase Reconnaissance (1075 characters)
2025-03-28 17:30:56,980 - __main__ - ERROR - ❌ Error in generation: ServerSentEventsBlueprint.publish() got an unexpected keyword argument 'phase'
Traceback (most recent call last):
  File "/home/vantaggiato/Test_ProgettoVantaggiato/webapp/app.py", line 298, in generate_response
    sse.publish(response, type='phase_response', phase=phase)
TypeError: ServerSentEventsBlueprint.publish() got an unexpected keyword argument 'phase'
2025-03-28 17:30:56,980 - __main__ - INFO - 💽 GPU Memory - Allocated: 8680.06MB, Reserved: 8970.00MB
2025-03-28 17:30:56,980 - __main__ - ERROR - ❌ Error in endpoint: 'str' object has no attribute 'items'
Traceback (most recent call last):
  File "/home/vantaggiato/Test_ProgettoVantaggiato/webapp/app.py", line 332, in get_response
    formatted_responses = {phase: ResponseProcessor.format_html(response) for phase, response in responses.items()}
                                                                                                 ^^^^^^^^^^^^^^^
AttributeError: 'str' object has no attribute 'items'
2025-03-28 17:30:56,980 - werkzeug - INFO - 127.0.0.1 - - [28/Mar/2025 17:30:56] "[35m[1mPOST /get_response HTTP/1.1[0m" 500 -
2025-03-28 17:33:53,646 - accelerate.utils.modeling - INFO - We will use 90% of the memory on device 0 for storing the model, and 10% for the buffer to avoid OOM. You can set `max_memory` in to a higher value to use more memory (at your own risk).
2025-03-28 17:33:57,198 - __main__ - INFO - ✅ Model and tokenizer loaded successfully
2025-03-28 17:33:57,199 - __main__ - INFO - 💽 GPU Memory - Allocated: 8665.76MB, Reserved: 8842.00MB
2025-03-28 17:33:57,199 - __main__ - INFO - System prompt loaded. Length: 2838 characters
2025-03-28 17:33:57,199 - __main__ - INFO - 🚀 Pipeline initialized with max_length=1024
2025-03-28 17:33:57,200 - __main__ - INFO - 🚀 Production mode active
2025-03-28 17:33:57,200 - __main__ - INFO - 🚀 Starting Flask server...
2025-03-28 17:33:57,200 - werkzeug - INFO - [31m[1mWARNING: This is a development server. Do not use it in a production deployment. Use a production WSGI server instead.[0m
 * Running on http://127.0.0.1:5000
2025-03-28 17:33:57,200 - werkzeug - INFO - [33mPress CTRL+C to quit[0m
2025-03-28 17:34:01,754 - werkzeug - INFO - 127.0.0.1 - - [28/Mar/2025 17:34:01] "GET / HTTP/1.1" 200 -
2025-03-28 17:34:01,827 - werkzeug - INFO - 127.0.0.1 - - [28/Mar/2025 17:34:01] "[36mGET /static/style.css HTTP/1.1[0m" 304 -
2025-03-28 17:34:01,862 - werkzeug - INFO - 127.0.0.1 - - [28/Mar/2025 17:34:01] "[36mGET /static/bot-icon.png HTTP/1.1[0m" 304 -
2025-03-28 17:34:01,872 - werkzeug - INFO - 127.0.0.1 - - [28/Mar/2025 17:34:01] "GET /static/chatbot.js HTTP/1.1" 200 -
2025-03-28 17:34:15,525 - werkzeug - INFO - 127.0.0.1 - - [28/Mar/2025 17:34:15] "[33mGET /static/user-icon.png HTTP/1.1[0m" 404 -
2025-03-28 17:34:15,548 - __main__ - INFO - 📥 Input received (first 100 characters): {
            "timestamp": "2025-03-28T15:45:22Z",
            "event_type": "Brute Force Attempt",

2025-03-28 17:34:15,548 - __main__ - INFO - Prompt generated (3052 characters)
2025-03-28 17:34:15,548 - __main__ - INFO - Phase prompt generated (3086 characters)
2025-03-28 17:34:15,630 - werkzeug - INFO - 127.0.0.1 - - [28/Mar/2025 17:34:15] "[33mGET /static/default-icon.png HTTP/1.1[0m" 404 -
2025-03-28 17:34:15,762 - werkzeug - INFO - 127.0.0.1 - - [28/Mar/2025 17:34:15] "[33mGET /static/default-icon.png HTTP/1.1[0m" 404 -
2025-03-28 17:34:16,054 - werkzeug - INFO - 127.0.0.1 - - [28/Mar/2025 17:34:16] "[33mGET /static/default-icon.png HTTP/1.1[0m" 404 -
2025-03-28 17:34:16,104 - werkzeug - INFO - 127.0.0.1 - - [28/Mar/2025 17:34:16] "[33mGET /static/default-icon.png HTTP/1.1[0m" 404 -
2025-03-28 17:34:16,266 - werkzeug - INFO - 127.0.0.1 - - [28/Mar/2025 17:34:16] "[33mGET /static/default-icon.png HTTP/1.1[0m" 404 -
2025-03-28 17:34:16,407 - werkzeug - INFO - 127.0.0.1 - - [28/Mar/2025 17:34:16] "[33mGET /static/default-icon.png HTTP/1.1[0m" 404 -
2025-03-28 17:34:16,506 - werkzeug - INFO - 127.0.0.1 - - [28/Mar/2025 17:34:16] "[33mGET /static/default-icon.png HTTP/1.1[0m" 404 -
2025-03-28 17:34:16,598 - werkzeug - INFO - 127.0.0.1 - - [28/Mar/2025 17:34:16] "[33mGET /static/default-icon.png HTTP/1.1[0m" 404 -
2025-03-28 17:34:16,688 - werkzeug - INFO - 127.0.0.1 - - [28/Mar/2025 17:34:16] "[33mGET /static/default-icon.png HTTP/1.1[0m" 404 -
2025-03-28 17:34:16,757 - werkzeug - INFO - 127.0.0.1 - - [28/Mar/2025 17:34:16] "[33mGET /static/default-icon.png HTTP/1.1[0m" 404 -
2025-03-28 17:34:16,900 - werkzeug - INFO - 127.0.0.1 - - [28/Mar/2025 17:34:16] "[33mGET /static/default-icon.png HTTP/1.1[0m" 404 -
2025-03-28 17:34:17,007 - werkzeug - INFO - 127.0.0.1 - - [28/Mar/2025 17:34:17] "[33mGET /static/default-icon.png HTTP/1.1[0m" 404 -
2025-03-28 17:34:17,104 - werkzeug - INFO - 127.0.0.1 - - [28/Mar/2025 17:34:17] "[33mGET /static/default-icon.png HTTP/1.1[0m" 404 -
2025-03-28 17:34:17,182 - werkzeug - INFO - 127.0.0.1 - - [28/Mar/2025 17:34:17] "[33mGET /static/default-icon.png HTTP/1.1[0m" 404 -
2025-03-28 17:34:17,266 - werkzeug - INFO - 127.0.0.1 - - [28/Mar/2025 17:34:17] "[33mGET /static/default-icon.png HTTP/1.1[0m" 404 -
2025-03-28 17:34:17,332 - werkzeug - INFO - 127.0.0.1 - - [28/Mar/2025 17:34:17] "[33mGET /static/default-icon.png HTTP/1.1[0m" 404 -
2025-03-28 17:34:17,501 - werkzeug - INFO - 127.0.0.1 - - [28/Mar/2025 17:34:17] "[33mGET /static/default-icon.png HTTP/1.1[0m" 404 -
2025-03-28 17:34:17,642 - werkzeug - INFO - 127.0.0.1 - - [28/Mar/2025 17:34:17] "[33mGET /static/default-icon.png HTTP/1.1[0m" 404 -
2025-03-28 17:34:17,791 - werkzeug - INFO - 127.0.0.1 - - [28/Mar/2025 17:34:17] "[33mGET /static/default-icon.png HTTP/1.1[0m" 404 -
2025-03-28 17:34:17,894 - werkzeug - INFO - 127.0.0.1 - - [28/Mar/2025 17:34:17] "[33mGET /static/default-icon.png HTTP/1.1[0m" 404 -
2025-03-28 17:34:17,977 - werkzeug - INFO - 127.0.0.1 - - [28/Mar/2025 17:34:17] "[33mGET /static/default-icon.png HTTP/1.1[0m" 404 -
2025-03-28 17:34:18,064 - werkzeug - INFO - 127.0.0.1 - - [28/Mar/2025 17:34:18] "[33mGET /static/default-icon.png HTTP/1.1[0m" 404 -
2025-03-28 17:34:18,189 - werkzeug - INFO - 127.0.0.1 - - [28/Mar/2025 17:34:18] "[33mGET /static/default-icon.png HTTP/1.1[0m" 404 -
2025-03-28 17:34:18,310 - werkzeug - INFO - 127.0.0.1 - - [28/Mar/2025 17:34:18] "[33mGET /static/default-icon.png HTTP/1.1[0m" 404 -
2025-03-28 17:34:18,397 - werkzeug - INFO - 127.0.0.1 - - [28/Mar/2025 17:34:18] "[33mGET /static/default-icon.png HTTP/1.1[0m" 404 -
2025-03-28 17:34:18,469 - werkzeug - INFO - 127.0.0.1 - - [28/Mar/2025 17:34:18] "[33mGET /static/default-icon.png HTTP/1.1[0m" 404 -
2025-03-28 17:34:18,610 - werkzeug - INFO - 127.0.0.1 - - [28/Mar/2025 17:34:18] "[33mGET /static/default-icon.png HTTP/1.1[0m" 404 -
2025-03-28 17:34:18,767 - werkzeug - INFO - 127.0.0.1 - - [28/Mar/2025 17:34:18] "[33mGET /static/default-icon.png HTTP/1.1[0m" 404 -
2025-03-28 17:34:18,860 - werkzeug - INFO - 127.0.0.1 - - [28/Mar/2025 17:34:18] "[33mGET /static/default-icon.png HTTP/1.1[0m" 404 -
2025-03-28 17:34:18,948 - werkzeug - INFO - 127.0.0.1 - - [28/Mar/2025 17:34:18] "[33mGET /static/default-icon.png HTTP/1.1[0m" 404 -
2025-03-28 17:34:19,061 - werkzeug - INFO - 127.0.0.1 - - [28/Mar/2025 17:34:19] "[33mGET /static/default-icon.png HTTP/1.1[0m" 404 -
2025-03-28 17:34:19,153 - werkzeug - INFO - 127.0.0.1 - - [28/Mar/2025 17:34:19] "[33mGET /static/default-icon.png HTTP/1.1[0m" 404 -
2025-03-28 17:34:19,212 - werkzeug - INFO - 127.0.0.1 - - [28/Mar/2025 17:34:19] "[33mGET /static/default-icon.png HTTP/1.1[0m" 404 -
2025-03-28 17:34:19,367 - werkzeug - INFO - 127.0.0.1 - - [28/Mar/2025 17:34:19] "[33mGET /static/default-icon.png HTTP/1.1[0m" 404 -
2025-03-28 17:34:19,502 - werkzeug - INFO - 127.0.0.1 - - [28/Mar/2025 17:34:19] "[33mGET /static/default-icon.png HTTP/1.1[0m" 404 -
2025-03-28 17:34:19,642 - werkzeug - INFO - 127.0.0.1 - - [28/Mar/2025 17:34:19] "[33mGET /static/default-icon.png HTTP/1.1[0m" 404 -
2025-03-28 17:34:19,726 - werkzeug - INFO - 127.0.0.1 - - [28/Mar/2025 17:34:19] "[33mGET /static/default-icon.png HTTP/1.1[0m" 404 -
2025-03-28 17:34:19,830 - werkzeug - INFO - 127.0.0.1 - - [28/Mar/2025 17:34:19] "[33mGET /static/default-icon.png HTTP/1.1[0m" 404 -
2025-03-28 17:34:19,923 - werkzeug - INFO - 127.0.0.1 - - [28/Mar/2025 17:34:19] "[33mGET /static/default-icon.png HTTP/1.1[0m" 404 -
2025-03-28 17:34:20,019 - werkzeug - INFO - 127.0.0.1 - - [28/Mar/2025 17:34:20] "[33mGET /static/default-icon.png HTTP/1.1[0m" 404 -
2025-03-28 17:34:20,148 - werkzeug - INFO - 127.0.0.1 - - [28/Mar/2025 17:34:20] "[33mGET /static/default-icon.png HTTP/1.1[0m" 404 -
2025-03-28 17:34:20,288 - werkzeug - INFO - 127.0.0.1 - - [28/Mar/2025 17:34:20] "[33mGET /static/default-icon.png HTTP/1.1[0m" 404 -
2025-03-28 17:34:20,386 - werkzeug - INFO - 127.0.0.1 - - [28/Mar/2025 17:34:20] "[33mGET /static/default-icon.png HTTP/1.1[0m" 404 -
2025-03-28 17:34:20,476 - werkzeug - INFO - 127.0.0.1 - - [28/Mar/2025 17:34:20] "[33mGET /static/default-icon.png HTTP/1.1[0m" 404 -
2025-03-28 17:34:20,601 - werkzeug - INFO - 127.0.0.1 - - [28/Mar/2025 17:34:20] "[33mGET /static/default-icon.png HTTP/1.1[0m" 404 -
2025-03-28 17:34:20,698 - werkzeug - INFO - 127.0.0.1 - - [28/Mar/2025 17:34:20] "[33mGET /static/default-icon.png HTTP/1.1[0m" 404 -
2025-03-28 17:34:20,767 - werkzeug - INFO - 127.0.0.1 - - [28/Mar/2025 17:34:20] "[33mGET /static/default-icon.png HTTP/1.1[0m" 404 -
2025-03-28 17:34:20,921 - werkzeug - INFO - 127.0.0.1 - - [28/Mar/2025 17:34:20] "[33mGET /static/default-icon.png HTTP/1.1[0m" 404 -
2025-03-28 17:34:21,029 - werkzeug - INFO - 127.0.0.1 - - [28/Mar/2025 17:34:21] "[33mGET /static/default-icon.png HTTP/1.1[0m" 404 -
2025-03-28 17:34:21,122 - werkzeug - INFO - 127.0.0.1 - - [28/Mar/2025 17:34:21] "[33mGET /static/default-icon.png HTTP/1.1[0m" 404 -
2025-03-28 17:34:21,246 - werkzeug - INFO - 127.0.0.1 - - [28/Mar/2025 17:34:21] "[33mGET /static/default-icon.png HTTP/1.1[0m" 404 -
2025-03-28 17:34:21,427 - werkzeug - INFO - 127.0.0.1 - - [28/Mar/2025 17:34:21] "[33mGET /static/default-icon.png HTTP/1.1[0m" 404 -
2025-03-28 17:34:21,525 - werkzeug - INFO - 127.0.0.1 - - [28/Mar/2025 17:34:21] "[33mGET /static/default-icon.png HTTP/1.1[0m" 404 -
2025-03-28 17:34:21,581 - werkzeug - INFO - 127.0.0.1 - - [28/Mar/2025 17:34:21] "[33mGET /static/default-icon.png HTTP/1.1[0m" 404 -
2025-03-28 17:34:21,734 - werkzeug - INFO - 127.0.0.1 - - [28/Mar/2025 17:34:21] "[33mGET /static/default-icon.png HTTP/1.1[0m" 404 -
2025-03-28 17:34:21,821 - werkzeug - INFO - 127.0.0.1 - - [28/Mar/2025 17:34:21] "[33mGET /static/default-icon.png HTTP/1.1[0m" 404 -
2025-03-28 17:34:21,916 - werkzeug - INFO - 127.0.0.1 - - [28/Mar/2025 17:34:21] "[33mGET /static/default-icon.png HTTP/1.1[0m" 404 -
2025-03-28 17:34:22,042 - werkzeug - INFO - 127.0.0.1 - - [28/Mar/2025 17:34:22] "[33mGET /static/default-icon.png HTTP/1.1[0m" 404 -
2025-03-28 17:34:22,130 - werkzeug - INFO - 127.0.0.1 - - [28/Mar/2025 17:34:22] "[33mGET /static/default-icon.png HTTP/1.1[0m" 404 -
2025-03-28 17:34:22,225 - werkzeug - INFO - 127.0.0.1 - - [28/Mar/2025 17:34:22] "[33mGET /static/default-icon.png HTTP/1.1[0m" 404 -
2025-03-28 17:34:22,318 - werkzeug - INFO - 127.0.0.1 - - [28/Mar/2025 17:34:22] "[33mGET /static/default-icon.png HTTP/1.1[0m" 404 -
2025-03-28 17:34:22,410 - werkzeug - INFO - 127.0.0.1 - - [28/Mar/2025 17:34:22] "[33mGET /static/default-icon.png HTTP/1.1[0m" 404 -
2025-03-28 17:34:22,502 - werkzeug - INFO - 127.0.0.1 - - [28/Mar/2025 17:34:22] "[33mGET /static/default-icon.png HTTP/1.1[0m" 404 -
2025-03-28 17:34:22,593 - werkzeug - INFO - 127.0.0.1 - - [28/Mar/2025 17:34:22] "[33mGET /static/default-icon.png HTTP/1.1[0m" 404 -
2025-03-28 17:34:22,675 - werkzeug - INFO - 127.0.0.1 - - [28/Mar/2025 17:34:22] "[33mGET /static/default-icon.png HTTP/1.1[0m" 404 -
2025-03-28 17:34:22,774 - werkzeug - INFO - 127.0.0.1 - - [28/Mar/2025 17:34:22] "[33mGET /static/default-icon.png HTTP/1.1[0m" 404 -
2025-03-28 17:34:22,857 - werkzeug - INFO - 127.0.0.1 - - [28/Mar/2025 17:34:22] "[33mGET /static/default-icon.png HTTP/1.1[0m" 404 -
2025-03-28 17:34:22,944 - werkzeug - INFO - 127.0.0.1 - - [28/Mar/2025 17:34:22] "[33mGET /static/default-icon.png HTTP/1.1[0m" 404 -
2025-03-28 17:34:23,044 - werkzeug - INFO - 127.0.0.1 - - [28/Mar/2025 17:34:23] "[33mGET /static/default-icon.png HTTP/1.1[0m" 404 -
2025-03-28 17:34:23,166 - werkzeug - INFO - 127.0.0.1 - - [28/Mar/2025 17:34:23] "[33mGET /static/default-icon.png HTTP/1.1[0m" 404 -
2025-03-28 17:34:23,261 - werkzeug - INFO - 127.0.0.1 - - [28/Mar/2025 17:34:23] "[33mGET /static/default-icon.png HTTP/1.1[0m" 404 -
2025-03-28 17:34:23,344 - werkzeug - INFO - 127.0.0.1 - - [28/Mar/2025 17:34:23] "[33mGET /static/default-icon.png HTTP/1.1[0m" 404 -
2025-03-28 17:34:23,461 - werkzeug - INFO - 127.0.0.1 - - [28/Mar/2025 17:34:23] "[33mGET /static/default-icon.png HTTP/1.1[0m" 404 -
2025-03-28 17:34:23,581 - werkzeug - INFO - 127.0.0.1 - - [28/Mar/2025 17:34:23] "[33mGET /static/default-icon.png HTTP/1.1[0m" 404 -
2025-03-28 17:34:23,692 - werkzeug - INFO - 127.0.0.1 - - [28/Mar/2025 17:34:23] "[33mGET /static/default-icon.png HTTP/1.1[0m" 404 -
2025-03-28 17:34:23,795 - werkzeug - INFO - 127.0.0.1 - - [28/Mar/2025 17:34:23] "[33mGET /static/default-icon.png HTTP/1.1[0m" 404 -
2025-03-28 17:34:23,875 - werkzeug - INFO - 127.0.0.1 - - [28/Mar/2025 17:34:23] "[33mGET /static/default-icon.png HTTP/1.1[0m" 404 -
2025-03-28 17:34:23,965 - werkzeug - INFO - 127.0.0.1 - - [28/Mar/2025 17:34:23] "[33mGET /static/default-icon.png HTTP/1.1[0m" 404 -
2025-03-28 17:34:24,054 - werkzeug - INFO - 127.0.0.1 - - [28/Mar/2025 17:34:24] "[33mGET /static/default-icon.png HTTP/1.1[0m" 404 -
2025-03-28 17:34:24,127 - werkzeug - INFO - 127.0.0.1 - - [28/Mar/2025 17:34:24] "[33mGET /static/default-icon.png HTTP/1.1[0m" 404 -
2025-03-28 17:34:24,274 - werkzeug - INFO - 127.0.0.1 - - [28/Mar/2025 17:34:24] "[33mGET /static/default-icon.png HTTP/1.1[0m" 404 -
2025-03-28 17:34:24,422 - werkzeug - INFO - 127.0.0.1 - - [28/Mar/2025 17:34:24] "[33mGET /static/default-icon.png HTTP/1.1[0m" 404 -
2025-03-28 17:34:24,513 - werkzeug - INFO - 127.0.0.1 - - [28/Mar/2025 17:34:24] "[33mGET /static/default-icon.png HTTP/1.1[0m" 404 -
2025-03-28 17:34:24,608 - werkzeug - INFO - 127.0.0.1 - - [28/Mar/2025 17:34:24] "[33mGET /static/default-icon.png HTTP/1.1[0m" 404 -
2025-03-28 17:34:24,704 - werkzeug - INFO - 127.0.0.1 - - [28/Mar/2025 17:34:24] "[33mGET /static/default-icon.png HTTP/1.1[0m" 404 -
2025-03-28 17:34:24,794 - werkzeug - INFO - 127.0.0.1 - - [28/Mar/2025 17:34:24] "[33mGET /static/default-icon.png HTTP/1.1[0m" 404 -
2025-03-28 17:34:25,259 - werkzeug - INFO - 127.0.0.1 - - [28/Mar/2025 17:34:25] "[33mGET /static/default-icon.png HTTP/1.1[0m" 404 -
2025-03-28 17:34:25,366 - werkzeug - INFO - 127.0.0.1 - - [28/Mar/2025 17:34:25] "[33mGET /static/default-icon.png HTTP/1.1[0m" 404 -
2025-03-28 17:34:25,481 - werkzeug - INFO - 127.0.0.1 - - [28/Mar/2025 17:34:25] "[33mGET /static/default-icon.png HTTP/1.1[0m" 404 -
2025-03-28 17:34:25,563 - werkzeug - INFO - 127.0.0.1 - - [28/Mar/2025 17:34:25] "[33mGET /static/default-icon.png HTTP/1.1[0m" 404 -
2025-03-28 17:34:25,697 - werkzeug - INFO - 127.0.0.1 - - [28/Mar/2025 17:34:25] "[33mGET /static/default-icon.png HTTP/1.1[0m" 404 -
2025-03-28 17:34:25,780 - werkzeug - INFO - 127.0.0.1 - - [28/Mar/2025 17:34:25] "[33mGET /static/default-icon.png HTTP/1.1[0m" 404 -
2025-03-28 17:34:25,904 - werkzeug - INFO - 127.0.0.1 - - [28/Mar/2025 17:34:25] "[33mGET /static/default-icon.png HTTP/1.1[0m" 404 -
2025-03-28 17:34:25,998 - werkzeug - INFO - 127.0.0.1 - - [28/Mar/2025 17:34:25] "[33mGET /static/default-icon.png HTTP/1.1[0m" 404 -
2025-03-28 17:34:26,141 - werkzeug - INFO - 127.0.0.1 - - [28/Mar/2025 17:34:26] "[33mGET /static/default-icon.png HTTP/1.1[0m" 404 -
2025-03-28 17:34:26,225 - werkzeug - INFO - 127.0.0.1 - - [28/Mar/2025 17:34:26] "[33mGET /static/default-icon.png HTTP/1.1[0m" 404 -
2025-03-28 17:34:26,310 - werkzeug - INFO - 127.0.0.1 - - [28/Mar/2025 17:34:26] "[33mGET /static/default-icon.png HTTP/1.1[0m" 404 -
2025-03-28 17:34:26,434 - werkzeug - INFO - 127.0.0.1 - - [28/Mar/2025 17:34:26] "[33mGET /static/default-icon.png HTTP/1.1[0m" 404 -
2025-03-28 17:34:26,556 - werkzeug - INFO - 127.0.0.1 - - [28/Mar/2025 17:34:26] "[33mGET /static/default-icon.png HTTP/1.1[0m" 404 -
2025-03-28 17:34:26,651 - werkzeug - INFO - 127.0.0.1 - - [28/Mar/2025 17:34:26] "[33mGET /static/default-icon.png HTTP/1.1[0m" 404 -
2025-03-28 17:34:26,765 - werkzeug - INFO - 127.0.0.1 - - [28/Mar/2025 17:34:26] "[33mGET /static/default-icon.png HTTP/1.1[0m" 404 -
2025-03-28 17:34:26,865 - werkzeug - INFO - 127.0.0.1 - - [28/Mar/2025 17:34:26] "[33mGET /static/default-icon.png HTTP/1.1[0m" 404 -
2025-03-28 17:34:26,947 - werkzeug - INFO - 127.0.0.1 - - [28/Mar/2025 17:34:26] "[33mGET /static/default-icon.png HTTP/1.1[0m" 404 -
2025-03-28 17:34:27,062 - werkzeug - INFO - 127.0.0.1 - - [28/Mar/2025 17:34:27] "[33mGET /static/default-icon.png HTTP/1.1[0m" 404 -
2025-03-28 17:34:27,174 - werkzeug - INFO - 127.0.0.1 - - [28/Mar/2025 17:34:27] "[33mGET /static/default-icon.png HTTP/1.1[0m" 404 -
2025-03-28 17:34:27,293 - werkzeug - INFO - 127.0.0.1 - - [28/Mar/2025 17:34:27] "[33mGET /static/default-icon.png HTTP/1.1[0m" 404 -
2025-03-28 17:34:27,377 - werkzeug - INFO - 127.0.0.1 - - [28/Mar/2025 17:34:27] "[33mGET /static/default-icon.png HTTP/1.1[0m" 404 -
2025-03-28 17:34:27,473 - werkzeug - INFO - 127.0.0.1 - - [28/Mar/2025 17:34:27] "[33mGET /static/default-icon.png HTTP/1.1[0m" 404 -
2025-03-28 17:34:27,613 - werkzeug - INFO - 127.0.0.1 - - [28/Mar/2025 17:34:27] "[33mGET /static/default-icon.png HTTP/1.1[0m" 404 -
2025-03-28 17:34:27,694 - werkzeug - INFO - 127.0.0.1 - - [28/Mar/2025 17:34:27] "[33mGET /static/default-icon.png HTTP/1.1[0m" 404 -
2025-03-28 17:34:27,791 - werkzeug - INFO - 127.0.0.1 - - [28/Mar/2025 17:34:27] "[33mGET /static/default-icon.png HTTP/1.1[0m" 404 -
2025-03-28 17:34:27,875 - werkzeug - INFO - 127.0.0.1 - - [28/Mar/2025 17:34:27] "[33mGET /static/default-icon.png HTTP/1.1[0m" 404 -
2025-03-28 17:34:28,000 - werkzeug - INFO - 127.0.0.1 - - [28/Mar/2025 17:34:28] "[33mGET /static/default-icon.png HTTP/1.1[0m" 404 -
2025-03-28 17:34:28,146 - werkzeug - INFO - 127.0.0.1 - - [28/Mar/2025 17:34:28] "[33mGET /static/default-icon.png HTTP/1.1[0m" 404 -
2025-03-28 17:34:28,247 - werkzeug - INFO - 127.0.0.1 - - [28/Mar/2025 17:34:28] "[33mGET /static/default-icon.png HTTP/1.1[0m" 404 -
2025-03-28 17:34:28,343 - werkzeug - INFO - 127.0.0.1 - - [28/Mar/2025 17:34:28] "[33mGET /static/default-icon.png HTTP/1.1[0m" 404 -
2025-03-28 17:34:28,466 - werkzeug - INFO - 127.0.0.1 - - [28/Mar/2025 17:34:28] "[33mGET /static/default-icon.png HTTP/1.1[0m" 404 -
2025-03-28 17:34:28,559 - werkzeug - INFO - 127.0.0.1 - - [28/Mar/2025 17:34:28] "[33mGET /static/default-icon.png HTTP/1.1[0m" 404 -
2025-03-28 17:34:28,643 - werkzeug - INFO - 127.0.0.1 - - [28/Mar/2025 17:34:28] "[33mGET /static/default-icon.png HTTP/1.1[0m" 404 -
2025-03-28 17:34:28,757 - werkzeug - INFO - 127.0.0.1 - - [28/Mar/2025 17:34:28] "[33mGET /static/default-icon.png HTTP/1.1[0m" 404 -
2025-03-28 17:34:28,848 - werkzeug - INFO - 127.0.0.1 - - [28/Mar/2025 17:34:28] "[33mGET /static/default-icon.png HTTP/1.1[0m" 404 -
2025-03-28 17:34:28,941 - werkzeug - INFO - 127.0.0.1 - - [28/Mar/2025 17:34:28] "[33mGET /static/default-icon.png HTTP/1.1[0m" 404 -
2025-03-28 17:34:29,029 - werkzeug - INFO - 127.0.0.1 - - [28/Mar/2025 17:34:29] "[33mGET /static/default-icon.png HTTP/1.1[0m" 404 -
2025-03-28 17:34:29,144 - werkzeug - INFO - 127.0.0.1 - - [28/Mar/2025 17:34:29] "[33mGET /static/default-icon.png HTTP/1.1[0m" 404 -
2025-03-28 17:34:29,235 - werkzeug - INFO - 127.0.0.1 - - [28/Mar/2025 17:34:29] "[33mGET /static/default-icon.png HTTP/1.1[0m" 404 -
2025-03-28 17:34:29,328 - werkzeug - INFO - 127.0.0.1 - - [28/Mar/2025 17:34:29] "[33mGET /static/default-icon.png HTTP/1.1[0m" 404 -
2025-03-28 17:34:29,422 - werkzeug - INFO - 127.0.0.1 - - [28/Mar/2025 17:34:29] "[33mGET /static/default-icon.png HTTP/1.1[0m" 404 -
2025-03-28 17:34:29,528 - werkzeug - INFO - 127.0.0.1 - - [28/Mar/2025 17:34:29] "[33mGET /static/default-icon.png HTTP/1.1[0m" 404 -
2025-03-28 17:34:29,608 - werkzeug - INFO - 127.0.0.1 - - [28/Mar/2025 17:34:29] "[33mGET /static/default-icon.png HTTP/1.1[0m" 404 -
2025-03-28 17:34:29,698 - werkzeug - INFO - 127.0.0.1 - - [28/Mar/2025 17:34:29] "[33mGET /static/default-icon.png HTTP/1.1[0m" 404 -
2025-03-28 17:34:29,823 - werkzeug - INFO - 127.0.0.1 - - [28/Mar/2025 17:34:29] "[33mGET /static/default-icon.png HTTP/1.1[0m" 404 -
2025-03-28 17:34:29,914 - werkzeug - INFO - 127.0.0.1 - - [28/Mar/2025 17:34:29] "[33mGET /static/default-icon.png HTTP/1.1[0m" 404 -
2025-03-28 17:34:30,006 - werkzeug - INFO - 127.0.0.1 - - [28/Mar/2025 17:34:30] "[33mGET /static/default-icon.png HTTP/1.1[0m" 404 -
2025-03-28 17:34:30,131 - werkzeug - INFO - 127.0.0.1 - - [28/Mar/2025 17:34:30] "[33mGET /static/default-icon.png HTTP/1.1[0m" 404 -
2025-03-28 17:34:30,226 - werkzeug - INFO - 127.0.0.1 - - [28/Mar/2025 17:34:30] "[33mGET /static/default-icon.png HTTP/1.1[0m" 404 -
2025-03-28 17:34:30,360 - werkzeug - INFO - 127.0.0.1 - - [28/Mar/2025 17:34:30] "[33mGET /static/default-icon.png HTTP/1.1[0m" 404 -
2025-03-28 17:34:30,461 - werkzeug - INFO - 127.0.0.1 - - [28/Mar/2025 17:34:30] "[33mGET /static/default-icon.png HTTP/1.1[0m" 404 -
2025-03-28 17:34:30,560 - werkzeug - INFO - 127.0.0.1 - - [28/Mar/2025 17:34:30] "[33mGET /static/default-icon.png HTTP/1.1[0m" 404 -
2025-03-28 17:34:30,685 - werkzeug - INFO - 127.0.0.1 - - [28/Mar/2025 17:34:30] "[33mGET /static/default-icon.png HTTP/1.1[0m" 404 -
2025-03-28 17:34:30,812 - werkzeug - INFO - 127.0.0.1 - - [28/Mar/2025 17:34:30] "[33mGET /static/default-icon.png HTTP/1.1[0m" 404 -
2025-03-28 17:34:30,934 - werkzeug - INFO - 127.0.0.1 - - [28/Mar/2025 17:34:30] "[33mGET /static/default-icon.png HTTP/1.1[0m" 404 -
2025-03-28 17:34:31,057 - werkzeug - INFO - 127.0.0.1 - - [28/Mar/2025 17:34:31] "[33mGET /static/default-icon.png HTTP/1.1[0m" 404 -
2025-03-28 17:34:31,151 - werkzeug - INFO - 127.0.0.1 - - [28/Mar/2025 17:34:31] "[33mGET /static/default-icon.png HTTP/1.1[0m" 404 -
2025-03-28 17:34:31,256 - werkzeug - INFO - 127.0.0.1 - - [28/Mar/2025 17:34:31] "[33mGET /static/default-icon.png HTTP/1.1[0m" 404 -
2025-03-28 17:34:31,348 - werkzeug - INFO - 127.0.0.1 - - [28/Mar/2025 17:34:31] "[33mGET /static/default-icon.png HTTP/1.1[0m" 404 -
2025-03-28 17:34:31,443 - werkzeug - INFO - 127.0.0.1 - - [28/Mar/2025 17:34:31] "[33mGET /static/default-icon.png HTTP/1.1[0m" 404 -
2025-03-28 17:34:31,571 - werkzeug - INFO - 127.0.0.1 - - [28/Mar/2025 17:34:31] "[33mGET /static/default-icon.png HTTP/1.1[0m" 404 -
2025-03-28 17:34:31,724 - werkzeug - INFO - 127.0.0.1 - - [28/Mar/2025 17:34:31] "[33mGET /static/default-icon.png HTTP/1.1[0m" 404 -
2025-03-28 17:34:31,811 - werkzeug - INFO - 127.0.0.1 - - [28/Mar/2025 17:34:31] "[33mGET /static/default-icon.png HTTP/1.1[0m" 404 -
2025-03-28 17:34:31,878 - werkzeug - INFO - 127.0.0.1 - - [28/Mar/2025 17:34:31] "[33mGET /static/default-icon.png HTTP/1.1[0m" 404 -
2025-03-28 17:34:32,023 - werkzeug - INFO - 127.0.0.1 - - [28/Mar/2025 17:34:32] "[33mGET /static/default-icon.png HTTP/1.1[0m" 404 -
2025-03-28 17:34:32,125 - werkzeug - INFO - 127.0.0.1 - - [28/Mar/2025 17:34:32] "[33mGET /static/default-icon.png HTTP/1.1[0m" 404 -
2025-03-28 17:34:32,229 - werkzeug - INFO - 127.0.0.1 - - [28/Mar/2025 17:34:32] "[33mGET /static/default-icon.png HTTP/1.1[0m" 404 -
2025-03-28 17:34:32,315 - werkzeug - INFO - 127.0.0.1 - - [28/Mar/2025 17:34:32] "[33mGET /static/default-icon.png HTTP/1.1[0m" 404 -
2025-03-28 17:34:32,415 - werkzeug - INFO - 127.0.0.1 - - [28/Mar/2025 17:34:32] "[33mGET /static/default-icon.png HTTP/1.1[0m" 404 -
2025-03-28 17:34:32,497 - werkzeug - INFO - 127.0.0.1 - - [28/Mar/2025 17:34:32] "[33mGET /static/default-icon.png HTTP/1.1[0m" 404 -
2025-03-28 17:34:32,585 - werkzeug - INFO - 127.0.0.1 - - [28/Mar/2025 17:34:32] "[33mGET /static/default-icon.png HTTP/1.1[0m" 404 -
2025-03-28 17:34:32,683 - werkzeug - INFO - 127.0.0.1 - - [28/Mar/2025 17:34:32] "[33mGET /static/default-icon.png HTTP/1.1[0m" 404 -
2025-03-28 17:34:32,783 - werkzeug - INFO - 127.0.0.1 - - [28/Mar/2025 17:34:32] "[33mGET /static/default-icon.png HTTP/1.1[0m" 404 -
2025-03-28 17:34:32,868 - werkzeug - INFO - 127.0.0.1 - - [28/Mar/2025 17:34:32] "[33mGET /static/default-icon.png HTTP/1.1[0m" 404 -
2025-03-28 17:34:32,940 - werkzeug - INFO - 127.0.0.1 - - [28/Mar/2025 17:34:32] "[33mGET /static/default-icon.png HTTP/1.1[0m" 404 -
2025-03-28 17:34:33,079 - werkzeug - INFO - 127.0.0.1 - - [28/Mar/2025 17:34:33] "[33mGET /static/default-icon.png HTTP/1.1[0m" 404 -
2025-03-28 17:34:33,175 - werkzeug - INFO - 127.0.0.1 - - [28/Mar/2025 17:34:33] "[33mGET /static/default-icon.png HTTP/1.1[0m" 404 -
2025-03-28 17:34:33,265 - werkzeug - INFO - 127.0.0.1 - - [28/Mar/2025 17:34:33] "[33mGET /static/default-icon.png HTTP/1.1[0m" 404 -
2025-03-28 17:34:33,427 - werkzeug - INFO - 127.0.0.1 - - [28/Mar/2025 17:34:33] "[33mGET /static/default-icon.png HTTP/1.1[0m" 404 -
2025-03-28 17:34:33,522 - werkzeug - INFO - 127.0.0.1 - - [28/Mar/2025 17:34:33] "[33mGET /static/default-icon.png HTTP/1.1[0m" 404 -
2025-03-28 17:34:33,659 - werkzeug - INFO - 127.0.0.1 - - [28/Mar/2025 17:34:33] "[33mGET /static/default-icon.png HTTP/1.1[0m" 404 -
2025-03-28 17:34:33,745 - werkzeug - INFO - 127.0.0.1 - - [28/Mar/2025 17:34:33] "[33mGET /static/default-icon.png HTTP/1.1[0m" 404 -
2025-03-28 17:34:33,813 - werkzeug - INFO - 127.0.0.1 - - [28/Mar/2025 17:34:33] "[33mGET /static/default-icon.png HTTP/1.1[0m" 404 -
2025-03-28 17:34:33,910 - werkzeug - INFO - 127.0.0.1 - - [28/Mar/2025 17:34:33] "[33mGET /static/default-icon.png HTTP/1.1[0m" 404 -
2025-03-28 17:34:33,990 - werkzeug - INFO - 127.0.0.1 - - [28/Mar/2025 17:34:33] "[33mGET /static/default-icon.png HTTP/1.1[0m" 404 -
2025-03-28 17:34:34,156 - werkzeug - INFO - 127.0.0.1 - - [28/Mar/2025 17:34:34] "[33mGET /static/default-icon.png HTTP/1.1[0m" 404 -
2025-03-28 17:34:34,304 - werkzeug - INFO - 127.0.0.1 - - [28/Mar/2025 17:34:34] "[33mGET /static/default-icon.png HTTP/1.1[0m" 404 -
2025-03-28 17:34:34,407 - werkzeug - INFO - 127.0.0.1 - - [28/Mar/2025 17:34:34] "[33mGET /static/default-icon.png HTTP/1.1[0m" 404 -
2025-03-28 17:34:34,498 - werkzeug - INFO - 127.0.0.1 - - [28/Mar/2025 17:34:34] "[33mGET /static/default-icon.png HTTP/1.1[0m" 404 -
2025-03-28 17:34:34,626 - werkzeug - INFO - 127.0.0.1 - - [28/Mar/2025 17:34:34] "[33mGET /static/default-icon.png HTTP/1.1[0m" 404 -
2025-03-28 17:34:34,766 - werkzeug - INFO - 127.0.0.1 - - [28/Mar/2025 17:34:34] "[33mGET /static/default-icon.png HTTP/1.1[0m" 404 -
2025-03-28 17:34:34,879 - werkzeug - INFO - 127.0.0.1 - - [28/Mar/2025 17:34:34] "[33mGET /static/default-icon.png HTTP/1.1[0m" 404 -
2025-03-28 17:34:34,964 - werkzeug - INFO - 127.0.0.1 - - [28/Mar/2025 17:34:34] "[33mGET /static/default-icon.png HTTP/1.1[0m" 404 -
2025-03-28 17:34:35,083 - werkzeug - INFO - 127.0.0.1 - - [28/Mar/2025 17:34:35] "[33mGET /static/default-icon.png HTTP/1.1[0m" 404 -
2025-03-28 17:34:35,163 - werkzeug - INFO - 127.0.0.1 - - [28/Mar/2025 17:34:35] "[33mGET /static/default-icon.png HTTP/1.1[0m" 404 -
2025-03-28 17:34:35,311 - werkzeug - INFO - 127.0.0.1 - - [28/Mar/2025 17:34:35] "[33mGET /static/default-icon.png HTTP/1.1[0m" 404 -
2025-03-28 17:34:35,460 - werkzeug - INFO - 127.0.0.1 - - [28/Mar/2025 17:34:35] "[33mGET /static/default-icon.png HTTP/1.1[0m" 404 -
2025-03-28 17:34:35,636 - werkzeug - INFO - 127.0.0.1 - - [28/Mar/2025 17:34:35] "[33mGET /static/default-icon.png HTTP/1.1[0m" 404 -
2025-03-28 17:34:35,762 - werkzeug - INFO - 127.0.0.1 - - [28/Mar/2025 17:34:35] "[33mGET /static/default-icon.png HTTP/1.1[0m" 404 -
2025-03-28 17:34:35,908 - werkzeug - INFO - 127.0.0.1 - - [28/Mar/2025 17:34:35] "[33mGET /static/default-icon.png HTTP/1.1[0m" 404 -
2025-03-28 17:34:36,023 - werkzeug - INFO - 127.0.0.1 - - [28/Mar/2025 17:34:36] "[33mGET /static/default-icon.png HTTP/1.1[0m" 404 -
2025-03-28 17:34:36,143 - werkzeug - INFO - 127.0.0.1 - - [28/Mar/2025 17:34:36] "[33mGET /static/default-icon.png HTTP/1.1[0m" 404 -
2025-03-28 17:34:36,265 - werkzeug - INFO - 127.0.0.1 - - [28/Mar/2025 17:34:36] "[33mGET /static/default-icon.png HTTP/1.1[0m" 404 -
2025-03-28 17:34:36,374 - werkzeug - INFO - 127.0.0.1 - - [28/Mar/2025 17:34:36] "[33mGET /static/default-icon.png HTTP/1.1[0m" 404 -
2025-03-28 17:34:36,466 - werkzeug - INFO - 127.0.0.1 - - [28/Mar/2025 17:34:36] "[33mGET /static/default-icon.png HTTP/1.1[0m" 404 -
2025-03-28 17:34:36,587 - werkzeug - INFO - 127.0.0.1 - - [28/Mar/2025 17:34:36] "[33mGET /static/default-icon.png HTTP/1.1[0m" 404 -
2025-03-28 17:34:36,679 - werkzeug - INFO - 127.0.0.1 - - [28/Mar/2025 17:34:36] "[33mGET /static/default-icon.png HTTP/1.1[0m" 404 -
2025-03-28 17:34:36,802 - werkzeug - INFO - 127.0.0.1 - - [28/Mar/2025 17:34:36] "[33mGET /static/default-icon.png HTTP/1.1[0m" 404 -
2025-03-28 17:34:36,895 - werkzeug - INFO - 127.0.0.1 - - [28/Mar/2025 17:34:36] "[33mGET /static/default-icon.png HTTP/1.1[0m" 404 -
2025-03-28 17:34:36,985 - werkzeug - INFO - 127.0.0.1 - - [28/Mar/2025 17:34:36] "[33mGET /static/default-icon.png HTTP/1.1[0m" 404 -
2025-03-28 17:34:37,079 - werkzeug - INFO - 127.0.0.1 - - [28/Mar/2025 17:34:37] "[33mGET /static/default-icon.png HTTP/1.1[0m" 404 -
2025-03-28 17:34:37,171 - werkzeug - INFO - 127.0.0.1 - - [28/Mar/2025 17:34:37] "[33mGET /static/default-icon.png HTTP/1.1[0m" 404 -
2025-03-28 17:34:37,294 - werkzeug - INFO - 127.0.0.1 - - [28/Mar/2025 17:34:37] "[33mGET /static/default-icon.png HTTP/1.1[0m" 404 -
2025-03-28 17:34:37,381 - werkzeug - INFO - 127.0.0.1 - - [28/Mar/2025 17:34:37] "[33mGET /static/default-icon.png HTTP/1.1[0m" 404 -
2025-03-28 17:34:37,552 - werkzeug - INFO - 127.0.0.1 - - [28/Mar/2025 17:34:37] "[33mGET /static/default-icon.png HTTP/1.1[0m" 404 -
2025-03-28 17:34:37,654 - werkzeug - INFO - 127.0.0.1 - - [28/Mar/2025 17:34:37] "[33mGET /static/default-icon.png HTTP/1.1[0m" 404 -
2025-03-28 17:34:37,840 - werkzeug - INFO - 127.0.0.1 - - [28/Mar/2025 17:34:37] "[33mGET /static/default-icon.png HTTP/1.1[0m" 404 -
2025-03-28 17:34:37,939 - werkzeug - INFO - 127.0.0.1 - - [28/Mar/2025 17:34:37] "[33mGET /static/default-icon.png HTTP/1.1[0m" 404 -
2025-03-28 17:34:38,004 - werkzeug - INFO - 127.0.0.1 - - [28/Mar/2025 17:34:38] "[33mGET /static/default-icon.png HTTP/1.1[0m" 404 -
2025-03-28 17:34:38,145 - werkzeug - INFO - 127.0.0.1 - - [28/Mar/2025 17:34:38] "[33mGET /static/default-icon.png HTTP/1.1[0m" 404 -
2025-03-28 17:34:38,774 - werkzeug - INFO - 127.0.0.1 - - [28/Mar/2025 17:34:38] "[33mGET /static/default-icon.png HTTP/1.1[0m" 404 -
2025-03-28 17:34:38,874 - werkzeug - INFO - 127.0.0.1 - - [28/Mar/2025 17:34:38] "[33mGET /static/default-icon.png HTTP/1.1[0m" 404 -
2025-03-28 17:34:39,005 - werkzeug - INFO - 127.0.0.1 - - [28/Mar/2025 17:34:39] "[33mGET /static/default-icon.png HTTP/1.1[0m" 404 -
2025-03-28 17:34:39,150 - werkzeug - INFO - 127.0.0.1 - - [28/Mar/2025 17:34:39] "[33mGET /static/default-icon.png HTTP/1.1[0m" 404 -
2025-03-28 17:34:39,325 - werkzeug - INFO - 127.0.0.1 - - [28/Mar/2025 17:34:39] "[33mGET /static/default-icon.png HTTP/1.1[0m" 404 -
2025-03-28 17:34:39,430 - werkzeug - INFO - 127.0.0.1 - - [28/Mar/2025 17:34:39] "[33mGET /static/default-icon.png HTTP/1.1[0m" 404 -
2025-03-28 17:34:39,515 - werkzeug - INFO - 127.0.0.1 - - [28/Mar/2025 17:34:39] "[33mGET /static/default-icon.png HTTP/1.1[0m" 404 -
2025-03-28 17:34:39,600 - werkzeug - INFO - 127.0.0.1 - - [28/Mar/2025 17:34:39] "[33mGET /static/default-icon.png HTTP/1.1[0m" 404 -
2025-03-28 17:34:39,692 - werkzeug - INFO - 127.0.0.1 - - [28/Mar/2025 17:34:39] "[33mGET /static/default-icon.png HTTP/1.1[0m" 404 -
2025-03-28 17:34:39,783 - werkzeug - INFO - 127.0.0.1 - - [28/Mar/2025 17:34:39] "[33mGET /static/default-icon.png HTTP/1.1[0m" 404 -
2025-03-28 17:34:39,847 - werkzeug - INFO - 127.0.0.1 - - [28/Mar/2025 17:34:39] "[33mGET /static/default-icon.png HTTP/1.1[0m" 404 -
2025-03-28 17:34:39,954 - werkzeug - INFO - 127.0.0.1 - - [28/Mar/2025 17:34:39] "[33mGET /static/default-icon.png HTTP/1.1[0m" 404 -
2025-03-28 17:34:40,040 - werkzeug - INFO - 127.0.0.1 - - [28/Mar/2025 17:34:40] "[33mGET /static/default-icon.png HTTP/1.1[0m" 404 -
2025-03-28 17:34:40,138 - werkzeug - INFO - 127.0.0.1 - - [28/Mar/2025 17:34:40] "[33mGET /static/default-icon.png HTTP/1.1[0m" 404 -
2025-03-28 17:34:40,313 - werkzeug - INFO - 127.0.0.1 - - [28/Mar/2025 17:34:40] "[33mGET /static/default-icon.png HTTP/1.1[0m" 404 -
2025-03-28 17:34:40,514 - werkzeug - INFO - 127.0.0.1 - - [28/Mar/2025 17:34:40] "[33mGET /static/default-icon.png HTTP/1.1[0m" 404 -
2025-03-28 17:34:40,646 - werkzeug - INFO - 127.0.0.1 - - [28/Mar/2025 17:34:40] "[33mGET /static/default-icon.png HTTP/1.1[0m" 404 -
2025-03-28 17:34:40,738 - werkzeug - INFO - 127.0.0.1 - - [28/Mar/2025 17:34:40] "[33mGET /static/default-icon.png HTTP/1.1[0m" 404 -
2025-03-28 17:34:40,813 - werkzeug - INFO - 127.0.0.1 - - [28/Mar/2025 17:34:40] "[33mGET /static/default-icon.png HTTP/1.1[0m" 404 -
2025-03-28 17:34:40,894 - werkzeug - INFO - 127.0.0.1 - - [28/Mar/2025 17:34:40] "[33mGET /static/default-icon.png HTTP/1.1[0m" 404 -
2025-03-28 17:34:40,999 - werkzeug - INFO - 127.0.0.1 - - [28/Mar/2025 17:34:40] "[33mGET /static/default-icon.png HTTP/1.1[0m" 404 -
2025-03-28 17:34:41,085 - werkzeug - INFO - 127.0.0.1 - - [28/Mar/2025 17:34:41] "[33mGET /static/default-icon.png HTTP/1.1[0m" 404 -
2025-03-28 17:34:41,211 - werkzeug - INFO - 127.0.0.1 - - [28/Mar/2025 17:34:41] "[33mGET /static/default-icon.png HTTP/1.1[0m" 404 -
2025-03-28 17:34:41,302 - werkzeug - INFO - 127.0.0.1 - - [28/Mar/2025 17:34:41] "[33mGET /static/default-icon.png HTTP/1.1[0m" 404 -
2025-03-28 17:34:41,394 - werkzeug - INFO - 127.0.0.1 - - [28/Mar/2025 17:34:41] "[33mGET /static/default-icon.png HTTP/1.1[0m" 404 -
2025-03-28 17:34:41,488 - werkzeug - INFO - 127.0.0.1 - - [28/Mar/2025 17:34:41] "[33mGET /static/default-icon.png HTTP/1.1[0m" 404 -
2025-03-28 17:34:41,578 - werkzeug - INFO - 127.0.0.1 - - [28/Mar/2025 17:34:41] "[33mGET /static/default-icon.png HTTP/1.1[0m" 404 -
2025-03-28 17:34:41,658 - werkzeug - INFO - 127.0.0.1 - - [28/Mar/2025 17:34:41] "[33mGET /static/default-icon.png HTTP/1.1[0m" 404 -
2025-03-28 17:34:41,750 - werkzeug - INFO - 127.0.0.1 - - [28/Mar/2025 17:34:41] "[33mGET /static/default-icon.png HTTP/1.1[0m" 404 -
2025-03-28 17:34:41,837 - werkzeug - INFO - 127.0.0.1 - - [28/Mar/2025 17:34:41] "[33mGET /static/default-icon.png HTTP/1.1[0m" 404 -
2025-03-28 17:34:41,926 - werkzeug - INFO - 127.0.0.1 - - [28/Mar/2025 17:34:41] "[33mGET /static/default-icon.png HTTP/1.1[0m" 404 -
2025-03-28 17:34:42,022 - werkzeug - INFO - 127.0.0.1 - - [28/Mar/2025 17:34:42] "[33mGET /static/default-icon.png HTTP/1.1[0m" 404 -
2025-03-28 17:34:42,096 - werkzeug - INFO - 127.0.0.1 - - [28/Mar/2025 17:34:42] "[33mGET /static/default-icon.png HTTP/1.1[0m" 404 -
2025-03-28 17:34:42,238 - werkzeug - INFO - 127.0.0.1 - - [28/Mar/2025 17:34:42] "[33mGET /static/default-icon.png HTTP/1.1[0m" 404 -
2025-03-28 17:34:42,395 - werkzeug - INFO - 127.0.0.1 - - [28/Mar/2025 17:34:42] "[33mGET /static/default-icon.png HTTP/1.1[0m" 404 -
2025-03-28 17:34:42,532 - werkzeug - INFO - 127.0.0.1 - - [28/Mar/2025 17:34:42] "[33mGET /static/default-icon.png HTTP/1.1[0m" 404 -
2025-03-28 17:34:42,666 - werkzeug - INFO - 127.0.0.1 - - [28/Mar/2025 17:34:42] "[33mGET /static/default-icon.png HTTP/1.1[0m" 404 -
2025-03-28 17:34:42,770 - werkzeug - INFO - 127.0.0.1 - - [28/Mar/2025 17:34:42] "[33mGET /static/default-icon.png HTTP/1.1[0m" 404 -
2025-03-28 17:34:42,825 - werkzeug - INFO - 127.0.0.1 - - [28/Mar/2025 17:34:42] "[33mGET /static/default-icon.png HTTP/1.1[0m" 404 -
2025-03-28 17:34:42,994 - werkzeug - INFO - 127.0.0.1 - - [28/Mar/2025 17:34:42] "[33mGET /static/default-icon.png HTTP/1.1[0m" 404 -
2025-03-28 17:34:43,086 - werkzeug - INFO - 127.0.0.1 - - [28/Mar/2025 17:34:43] "[33mGET /static/default-icon.png HTTP/1.1[0m" 404 -
2025-03-28 17:34:43,188 - werkzeug - INFO - 127.0.0.1 - - [28/Mar/2025 17:34:43] "[33mGET /static/default-icon.png HTTP/1.1[0m" 404 -
2025-03-28 17:34:43,291 - werkzeug - INFO - 127.0.0.1 - - [28/Mar/2025 17:34:43] "[33mGET /static/default-icon.png HTTP/1.1[0m" 404 -
2025-03-28 17:34:43,385 - werkzeug - INFO - 127.0.0.1 - - [28/Mar/2025 17:34:43] "[33mGET /static/default-icon.png HTTP/1.1[0m" 404 -
2025-03-28 17:34:43,476 - werkzeug - INFO - 127.0.0.1 - - [28/Mar/2025 17:34:43] "[33mGET /static/default-icon.png HTTP/1.1[0m" 404 -
2025-03-28 17:34:43,686 - werkzeug - INFO - 127.0.0.1 - - [28/Mar/2025 17:34:43] "[33mGET /static/default-icon.png HTTP/1.1[0m" 404 -
2025-03-28 17:34:43,826 - werkzeug - INFO - 127.0.0.1 - - [28/Mar/2025 17:34:43] "[33mGET /static/default-icon.png HTTP/1.1[0m" 404 -
2025-03-28 17:34:43,956 - werkzeug - INFO - 127.0.0.1 - - [28/Mar/2025 17:34:43] "[33mGET /static/default-icon.png HTTP/1.1[0m" 404 -
2025-03-28 17:34:44,057 - werkzeug - INFO - 127.0.0.1 - - [28/Mar/2025 17:34:44] "[33mGET /static/default-icon.png HTTP/1.1[0m" 404 -
2025-03-28 17:34:44,154 - werkzeug - INFO - 127.0.0.1 - - [28/Mar/2025 17:34:44] "[33mGET /static/default-icon.png HTTP/1.1[0m" 404 -
2025-03-28 17:34:44,284 - werkzeug - INFO - 127.0.0.1 - - [28/Mar/2025 17:34:44] "[33mGET /static/default-icon.png HTTP/1.1[0m" 404 -
2025-03-28 17:34:44,415 - werkzeug - INFO - 127.0.0.1 - - [28/Mar/2025 17:34:44] "[33mGET /static/default-icon.png HTTP/1.1[0m" 404 -
2025-03-28 17:34:44,567 - werkzeug - INFO - 127.0.0.1 - - [28/Mar/2025 17:34:44] "[33mGET /static/default-icon.png HTTP/1.1[0m" 404 -
2025-03-28 17:34:44,720 - werkzeug - INFO - 127.0.0.1 - - [28/Mar/2025 17:34:44] "[33mGET /static/default-icon.png HTTP/1.1[0m" 404 -
2025-03-28 17:34:44,812 - werkzeug - INFO - 127.0.0.1 - - [28/Mar/2025 17:34:44] "[33mGET /static/default-icon.png HTTP/1.1[0m" 404 -
2025-03-28 17:34:44,868 - werkzeug - INFO - 127.0.0.1 - - [28/Mar/2025 17:34:44] "[33mGET /static/default-icon.png HTTP/1.1[0m" 404 -
2025-03-28 17:34:45,018 - werkzeug - INFO - 127.0.0.1 - - [28/Mar/2025 17:34:45] "[33mGET /static/default-icon.png HTTP/1.1[0m" 404 -
2025-03-28 17:34:45,163 - werkzeug - INFO - 127.0.0.1 - - [28/Mar/2025 17:34:45] "[33mGET /static/default-icon.png HTTP/1.1[0m" 404 -
2025-03-28 17:34:45,255 - werkzeug - INFO - 127.0.0.1 - - [28/Mar/2025 17:34:45] "[33mGET /static/default-icon.png HTTP/1.1[0m" 404 -
2025-03-28 17:34:45,343 - werkzeug - INFO - 127.0.0.1 - - [28/Mar/2025 17:34:45] "[33mGET /static/default-icon.png HTTP/1.1[0m" 404 -
2025-03-28 17:34:45,475 - werkzeug - INFO - 127.0.0.1 - - [28/Mar/2025 17:34:45] "[33mGET /static/default-icon.png HTTP/1.1[0m" 404 -
2025-03-28 17:34:45,577 - werkzeug - INFO - 127.0.0.1 - - [28/Mar/2025 17:34:45] "[33mGET /static/default-icon.png HTTP/1.1[0m" 404 -
2025-03-28 17:34:45,663 - werkzeug - INFO - 127.0.0.1 - - [28/Mar/2025 17:34:45] "[33mGET /static/default-icon.png HTTP/1.1[0m" 404 -
2025-03-28 17:34:45,780 - werkzeug - INFO - 127.0.0.1 - - [28/Mar/2025 17:34:45] "[33mGET /static/default-icon.png HTTP/1.1[0m" 404 -
2025-03-28 17:34:45,932 - werkzeug - INFO - 127.0.0.1 - - [28/Mar/2025 17:34:45] "[33mGET /static/default-icon.png HTTP/1.1[0m" 404 -
2025-03-28 17:34:46,083 - werkzeug - INFO - 127.0.0.1 - - [28/Mar/2025 17:34:46] "[33mGET /static/default-icon.png HTTP/1.1[0m" 404 -
2025-03-28 17:34:46,255 - werkzeug - INFO - 127.0.0.1 - - [28/Mar/2025 17:34:46] "[33mGET /static/default-icon.png HTTP/1.1[0m" 404 -
2025-03-28 17:34:46,342 - werkzeug - INFO - 127.0.0.1 - - [28/Mar/2025 17:34:46] "[33mGET /static/default-icon.png HTTP/1.1[0m" 404 -
2025-03-28 17:34:46,506 - werkzeug - INFO - 127.0.0.1 - - [28/Mar/2025 17:34:46] "[33mGET /static/default-icon.png HTTP/1.1[0m" 404 -
2025-03-28 17:34:46,679 - werkzeug - INFO - 127.0.0.1 - - [28/Mar/2025 17:34:46] "[33mGET /static/default-icon.png HTTP/1.1[0m" 404 -
2025-03-28 17:34:46,768 - werkzeug - INFO - 127.0.0.1 - - [28/Mar/2025 17:34:46] "[33mGET /static/default-icon.png HTTP/1.1[0m" 404 -
2025-03-28 17:34:46,833 - werkzeug - INFO - 127.0.0.1 - - [28/Mar/2025 17:34:46] "[33mGET /static/default-icon.png HTTP/1.1[0m" 404 -
2025-03-28 17:34:46,967 - werkzeug - INFO - 127.0.0.1 - - [28/Mar/2025 17:34:46] "[33mGET /static/default-icon.png HTTP/1.1[0m" 404 -
2025-03-28 17:34:47,058 - werkzeug - INFO - 127.0.0.1 - - [28/Mar/2025 17:34:47] "[33mGET /static/default-icon.png HTTP/1.1[0m" 404 -
2025-03-28 17:34:47,102 - werkzeug - INFO - 127.0.0.1 - - [28/Mar/2025 17:34:47] "[33mGET /static/default-icon.png HTTP/1.1[0m" 404 -
2025-03-28 17:34:47,205 - werkzeug - INFO - 127.0.0.1 - - [28/Mar/2025 17:34:47] "[33mGET /static/default-icon.png HTTP/1.1[0m" 404 -
2025-03-28 17:34:47,379 - werkzeug - INFO - 127.0.0.1 - - [28/Mar/2025 17:34:47] "[33mGET /static/default-icon.png HTTP/1.1[0m" 404 -
2025-03-28 17:34:47,479 - werkzeug - INFO - 127.0.0.1 - - [28/Mar/2025 17:34:47] "[33mGET /static/default-icon.png HTTP/1.1[0m" 404 -
2025-03-28 17:34:47,588 - werkzeug - INFO - 127.0.0.1 - - [28/Mar/2025 17:34:47] "[33mGET /static/default-icon.png HTTP/1.1[0m" 404 -
2025-03-28 17:34:47,717 - werkzeug - INFO - 127.0.0.1 - - [28/Mar/2025 17:34:47] "[33mGET /static/default-icon.png HTTP/1.1[0m" 404 -
2025-03-28 17:34:47,828 - werkzeug - INFO - 127.0.0.1 - - [28/Mar/2025 17:34:47] "[33mGET /static/default-icon.png HTTP/1.1[0m" 404 -
2025-03-28 17:34:47,917 - werkzeug - INFO - 127.0.0.1 - - [28/Mar/2025 17:34:47] "[33mGET /static/default-icon.png HTTP/1.1[0m" 404 -
2025-03-28 17:34:48,041 - werkzeug - INFO - 127.0.0.1 - - [28/Mar/2025 17:34:48] "[33mGET /static/default-icon.png HTTP/1.1[0m" 404 -
2025-03-28 17:34:48,134 - werkzeug - INFO - 127.0.0.1 - - [28/Mar/2025 17:34:48] "[33mGET /static/default-icon.png HTTP/1.1[0m" 404 -
2025-03-28 17:34:48,227 - werkzeug - INFO - 127.0.0.1 - - [28/Mar/2025 17:34:48] "[33mGET /static/default-icon.png HTTP/1.1[0m" 404 -
2025-03-28 17:34:48,356 - werkzeug - INFO - 127.0.0.1 - - [28/Mar/2025 17:34:48] "[33mGET /static/default-icon.png HTTP/1.1[0m" 404 -
2025-03-28 17:34:48,441 - werkzeug - INFO - 127.0.0.1 - - [28/Mar/2025 17:34:48] "[33mGET /static/default-icon.png HTTP/1.1[0m" 404 -
2025-03-28 17:34:48,565 - werkzeug - INFO - 127.0.0.1 - - [28/Mar/2025 17:34:48] "[33mGET /static/default-icon.png HTTP/1.1[0m" 404 -
2025-03-28 17:34:48,659 - werkzeug - INFO - 127.0.0.1 - - [28/Mar/2025 17:34:48] "[33mGET /static/default-icon.png HTTP/1.1[0m" 404 -
2025-03-28 17:34:48,750 - werkzeug - INFO - 127.0.0.1 - - [28/Mar/2025 17:34:48] "[33mGET /static/default-icon.png HTTP/1.1[0m" 404 -
2025-03-28 17:34:48,843 - werkzeug - INFO - 127.0.0.1 - - [28/Mar/2025 17:34:48] "[33mGET /static/default-icon.png HTTP/1.1[0m" 404 -
2025-03-28 17:34:48,943 - werkzeug - INFO - 127.0.0.1 - - [28/Mar/2025 17:34:48] "[33mGET /static/default-icon.png HTTP/1.1[0m" 404 -
2025-03-28 17:34:49,030 - werkzeug - INFO - 127.0.0.1 - - [28/Mar/2025 17:34:49] "[33mGET /static/default-icon.png HTTP/1.1[0m" 404 -
2025-03-28 17:34:49,149 - werkzeug - INFO - 127.0.0.1 - - [28/Mar/2025 17:34:49] "[33mGET /static/default-icon.png HTTP/1.1[0m" 404 -
2025-03-28 17:34:49,244 - werkzeug - INFO - 127.0.0.1 - - [28/Mar/2025 17:34:49] "[33mGET /static/default-icon.png HTTP/1.1[0m" 404 -
2025-03-28 17:34:49,336 - werkzeug - INFO - 127.0.0.1 - - [28/Mar/2025 17:34:49] "[33mGET /static/default-icon.png HTTP/1.1[0m" 404 -
2025-03-28 17:34:49,426 - werkzeug - INFO - 127.0.0.1 - - [28/Mar/2025 17:34:49] "[33mGET /static/default-icon.png HTTP/1.1[0m" 404 -
2025-03-28 17:34:49,499 - werkzeug - INFO - 127.0.0.1 - - [28/Mar/2025 17:34:49] "[33mGET /static/default-icon.png HTTP/1.1[0m" 404 -
2025-03-28 17:34:49,590 - werkzeug - INFO - 127.0.0.1 - - [28/Mar/2025 17:34:49] "[33mGET /static/default-icon.png HTTP/1.1[0m" 404 -
2025-03-28 17:34:49,687 - werkzeug - INFO - 127.0.0.1 - - [28/Mar/2025 17:34:49] "[33mGET /static/default-icon.png HTTP/1.1[0m" 404 -
2025-03-28 17:34:49,770 - werkzeug - INFO - 127.0.0.1 - - [28/Mar/2025 17:34:49] "[33mGET /static/default-icon.png HTTP/1.1[0m" 404 -
2025-03-28 17:34:49,941 - werkzeug - INFO - 127.0.0.1 - - [28/Mar/2025 17:34:49] "[33mGET /static/default-icon.png HTTP/1.1[0m" 404 -
2025-03-28 17:34:50,073 - werkzeug - INFO - 127.0.0.1 - - [28/Mar/2025 17:34:50] "[33mGET /static/default-icon.png HTTP/1.1[0m" 404 -
2025-03-28 17:34:50,248 - werkzeug - INFO - 127.0.0.1 - - [28/Mar/2025 17:34:50] "[33mGET /static/default-icon.png HTTP/1.1[0m" 404 -
2025-03-28 17:34:50,338 - werkzeug - INFO - 127.0.0.1 - - [28/Mar/2025 17:34:50] "[33mGET /static/default-icon.png HTTP/1.1[0m" 404 -
2025-03-28 17:34:50,444 - werkzeug - INFO - 127.0.0.1 - - [28/Mar/2025 17:34:50] "[33mGET /static/default-icon.png HTTP/1.1[0m" 404 -
2025-03-28 17:34:50,570 - werkzeug - INFO - 127.0.0.1 - - [28/Mar/2025 17:34:50] "[33mGET /static/default-icon.png HTTP/1.1[0m" 404 -
2025-03-28 17:34:50,694 - werkzeug - INFO - 127.0.0.1 - - [28/Mar/2025 17:34:50] "[33mGET /static/default-icon.png HTTP/1.1[0m" 404 -
2025-03-28 17:34:50,783 - werkzeug - INFO - 127.0.0.1 - - [28/Mar/2025 17:34:50] "[33mGET /static/default-icon.png HTTP/1.1[0m" 404 -
2025-03-28 17:34:50,873 - werkzeug - INFO - 127.0.0.1 - - [28/Mar/2025 17:34:50] "[33mGET /static/default-icon.png HTTP/1.1[0m" 404 -
2025-03-28 17:34:50,942 - werkzeug - INFO - 127.0.0.1 - - [28/Mar/2025 17:34:50] "[33mGET /static/default-icon.png HTTP/1.1[0m" 404 -
2025-03-28 17:34:51,034 - werkzeug - INFO - 127.0.0.1 - - [28/Mar/2025 17:34:51] "[33mGET /static/default-icon.png HTTP/1.1[0m" 404 -
2025-03-28 17:34:51,176 - werkzeug - INFO - 127.0.0.1 - - [28/Mar/2025 17:34:51] "[33mGET /static/default-icon.png HTTP/1.1[0m" 404 -
2025-03-28 17:34:51,274 - werkzeug - INFO - 127.0.0.1 - - [28/Mar/2025 17:34:51] "[33mGET /static/default-icon.png HTTP/1.1[0m" 404 -
2025-03-28 17:34:51,367 - werkzeug - INFO - 127.0.0.1 - - [28/Mar/2025 17:34:51] "[33mGET /static/default-icon.png HTTP/1.1[0m" 404 -
2025-03-28 17:34:51,545 - werkzeug - INFO - 127.0.0.1 - - [28/Mar/2025 17:34:51] "[33mGET /static/default-icon.png HTTP/1.1[0m" 404 -
2025-03-28 17:34:51,642 - werkzeug - INFO - 127.0.0.1 - - [28/Mar/2025 17:34:51] "[33mGET /static/default-icon.png HTTP/1.1[0m" 404 -
2025-03-28 17:34:51,712 - werkzeug - INFO - 127.0.0.1 - - [28/Mar/2025 17:34:51] "[33mGET /static/default-icon.png HTTP/1.1[0m" 404 -
2025-03-28 17:34:51,809 - werkzeug - INFO - 127.0.0.1 - - [28/Mar/2025 17:34:51] "[33mGET /static/default-icon.png HTTP/1.1[0m" 404 -
2025-03-28 17:34:51,923 - werkzeug - INFO - 127.0.0.1 - - [28/Mar/2025 17:34:51] "[33mGET /static/default-icon.png HTTP/1.1[0m" 404 -
2025-03-28 17:34:52,011 - werkzeug - INFO - 127.0.0.1 - - [28/Mar/2025 17:34:52] "[33mGET /static/default-icon.png HTTP/1.1[0m" 404 -
2025-03-28 17:34:52,082 - werkzeug - INFO - 127.0.0.1 - - [28/Mar/2025 17:34:52] "[33mGET /static/default-icon.png HTTP/1.1[0m" 404 -
2025-03-28 17:34:52,168 - werkzeug - INFO - 127.0.0.1 - - [28/Mar/2025 17:34:52] "[33mGET /static/default-icon.png HTTP/1.1[0m" 404 -
2025-03-28 17:34:52,255 - werkzeug - INFO - 127.0.0.1 - - [28/Mar/2025 17:34:52] "[33mGET /static/default-icon.png HTTP/1.1[0m" 404 -
2025-03-28 17:34:52,322 - werkzeug - INFO - 127.0.0.1 - - [28/Mar/2025 17:34:52] "[33mGET /static/default-icon.png HTTP/1.1[0m" 404 -
2025-03-28 17:34:52,817 - werkzeug - INFO - 127.0.0.1 - - [28/Mar/2025 17:34:52] "[33mGET /static/default-icon.png HTTP/1.1[0m" 404 -
2025-03-28 17:34:52,901 - werkzeug - INFO - 127.0.0.1 - - [28/Mar/2025 17:34:52] "[33mGET /static/default-icon.png HTTP/1.1[0m" 404 -
2025-03-28 17:34:52,994 - werkzeug - INFO - 127.0.0.1 - - [28/Mar/2025 17:34:52] "[33mGET /static/default-icon.png HTTP/1.1[0m" 404 -
2025-03-28 17:34:53,102 - werkzeug - INFO - 127.0.0.1 - - [28/Mar/2025 17:34:53] "[33mGET /static/default-icon.png HTTP/1.1[0m" 404 -
2025-03-28 17:34:53,195 - werkzeug - INFO - 127.0.0.1 - - [28/Mar/2025 17:34:53] "[33mGET /static/default-icon.png HTTP/1.1[0m" 404 -
2025-03-28 17:34:53,281 - werkzeug - INFO - 127.0.0.1 - - [28/Mar/2025 17:34:53] "[33mGET /static/default-icon.png HTTP/1.1[0m" 404 -
2025-03-28 17:34:53,370 - werkzeug - INFO - 127.0.0.1 - - [28/Mar/2025 17:34:53] "[33mGET /static/default-icon.png HTTP/1.1[0m" 404 -
2025-03-28 17:34:53,508 - werkzeug - INFO - 127.0.0.1 - - [28/Mar/2025 17:34:53] "[33mGET /static/default-icon.png HTTP/1.1[0m" 404 -
2025-03-28 17:34:53,651 - werkzeug - INFO - 127.0.0.1 - - [28/Mar/2025 17:34:53] "[33mGET /static/default-icon.png HTTP/1.1[0m" 404 -
2025-03-28 17:34:53,757 - werkzeug - INFO - 127.0.0.1 - - [28/Mar/2025 17:34:53] "[33mGET /static/default-icon.png HTTP/1.1[0m" 404 -
2025-03-28 17:34:53,848 - werkzeug - INFO - 127.0.0.1 - - [28/Mar/2025 17:34:53] "[33mGET /static/default-icon.png HTTP/1.1[0m" 404 -
2025-03-28 17:34:53,928 - werkzeug - INFO - 127.0.0.1 - - [28/Mar/2025 17:34:53] "[33mGET /static/default-icon.png HTTP/1.1[0m" 404 -
2025-03-28 17:34:54,013 - werkzeug - INFO - 127.0.0.1 - - [28/Mar/2025 17:34:54] "[33mGET /static/default-icon.png HTTP/1.1[0m" 404 -
2025-03-28 17:34:54,130 - werkzeug - INFO - 127.0.0.1 - - [28/Mar/2025 17:34:54] "[33mGET /static/default-icon.png HTTP/1.1[0m" 404 -
2025-03-28 17:34:54,206 - werkzeug - INFO - 127.0.0.1 - - [28/Mar/2025 17:34:54] "[33mGET /static/default-icon.png HTTP/1.1[0m" 404 -
2025-03-28 17:34:54,316 - werkzeug - INFO - 127.0.0.1 - - [28/Mar/2025 17:34:54] "[33mGET /static/default-icon.png HTTP/1.1[0m" 404 -
2025-03-28 17:34:54,422 - werkzeug - INFO - 127.0.0.1 - - [28/Mar/2025 17:34:54] "[33mGET /static/default-icon.png HTTP/1.1[0m" 404 -
2025-03-28 17:34:54,514 - werkzeug - INFO - 127.0.0.1 - - [28/Mar/2025 17:34:54] "[33mGET /static/default-icon.png HTTP/1.1[0m" 404 -
2025-03-28 17:34:54,607 - werkzeug - INFO - 127.0.0.1 - - [28/Mar/2025 17:34:54] "[33mGET /static/default-icon.png HTTP/1.1[0m" 404 -
2025-03-28 17:34:54,740 - werkzeug - INFO - 127.0.0.1 - - [28/Mar/2025 17:34:54] "[33mGET /static/default-icon.png HTTP/1.1[0m" 404 -
2025-03-28 17:34:54,882 - werkzeug - INFO - 127.0.0.1 - - [28/Mar/2025 17:34:54] "[33mGET /static/default-icon.png HTTP/1.1[0m" 404 -
2025-03-28 17:34:55,022 - werkzeug - INFO - 127.0.0.1 - - [28/Mar/2025 17:34:55] "[33mGET /static/default-icon.png HTTP/1.1[0m" 404 -
2025-03-28 17:34:55,169 - werkzeug - INFO - 127.0.0.1 - - [28/Mar/2025 17:34:55] "[33mGET /static/default-icon.png HTTP/1.1[0m" 404 -
2025-03-28 17:34:55,259 - werkzeug - INFO - 127.0.0.1 - - [28/Mar/2025 17:34:55] "[33mGET /static/default-icon.png HTTP/1.1[0m" 404 -
2025-03-28 17:34:55,394 - werkzeug - INFO - 127.0.0.1 - - [28/Mar/2025 17:34:55] "[33mGET /static/default-icon.png HTTP/1.1[0m" 404 -
2025-03-28 17:34:55,498 - werkzeug - INFO - 127.0.0.1 - - [28/Mar/2025 17:34:55] "[33mGET /static/default-icon.png HTTP/1.1[0m" 404 -
2025-03-28 17:34:55,593 - werkzeug - INFO - 127.0.0.1 - - [28/Mar/2025 17:34:55] "[33mGET /static/default-icon.png HTTP/1.1[0m" 404 -
2025-03-28 17:34:55,730 - werkzeug - INFO - 127.0.0.1 - - [28/Mar/2025 17:34:55] "[33mGET /static/default-icon.png HTTP/1.1[0m" 404 -
2025-03-28 17:34:55,822 - werkzeug - INFO - 127.0.0.1 - - [28/Mar/2025 17:34:55] "[33mGET /static/default-icon.png HTTP/1.1[0m" 404 -
2025-03-28 17:34:55,962 - werkzeug - INFO - 127.0.0.1 - - [28/Mar/2025 17:34:55] "[33mGET /static/default-icon.png HTTP/1.1[0m" 404 -
2025-03-28 17:34:56,106 - werkzeug - INFO - 127.0.0.1 - - [28/Mar/2025 17:34:56] "[33mGET /static/default-icon.png HTTP/1.1[0m" 404 -
2025-03-28 17:34:56,260 - werkzeug - INFO - 127.0.0.1 - - [28/Mar/2025 17:34:56] "[33mGET /static/default-icon.png HTTP/1.1[0m" 404 -
2025-03-28 17:34:56,344 - werkzeug - INFO - 127.0.0.1 - - [28/Mar/2025 17:34:56] "[33mGET /static/default-icon.png HTTP/1.1[0m" 404 -
2025-03-28 17:34:56,493 - werkzeug - INFO - 127.0.0.1 - - [28/Mar/2025 17:34:56] "[33mGET /static/default-icon.png HTTP/1.1[0m" 404 -
2025-03-28 17:34:56,674 - werkzeug - INFO - 127.0.0.1 - - [28/Mar/2025 17:34:56] "[33mGET /static/default-icon.png HTTP/1.1[0m" 404 -
2025-03-28 17:34:56,810 - werkzeug - INFO - 127.0.0.1 - - [28/Mar/2025 17:34:56] "[33mGET /static/default-icon.png HTTP/1.1[0m" 404 -
2025-03-28 17:34:56,956 - werkzeug - INFO - 127.0.0.1 - - [28/Mar/2025 17:34:56] "[33mGET /static/default-icon.png HTTP/1.1[0m" 404 -
2025-03-28 17:34:57,045 - werkzeug - INFO - 127.0.0.1 - - [28/Mar/2025 17:34:57] "[33mGET /static/default-icon.png HTTP/1.1[0m" 404 -
2025-03-28 17:34:57,180 - werkzeug - INFO - 127.0.0.1 - - [28/Mar/2025 17:34:57] "[33mGET /static/default-icon.png HTTP/1.1[0m" 404 -
2025-03-28 17:34:57,200 - __main__ - INFO - Response generated for phase Reconnaissance (897 characters)
2025-03-28 17:34:57,200 - __main__ - ERROR - ❌ Error in generation: ServerSentEventsBlueprint.publish() got an unexpected keyword argument 'phase'
Traceback (most recent call last):
  File "/home/vantaggiato/Test_ProgettoVantaggiato/webapp/app.py", line 298, in generate_response
    sse.publish(response, type='phase_response', phase=phase)
TypeError: ServerSentEventsBlueprint.publish() got an unexpected keyword argument 'phase'
2025-03-28 17:34:57,200 - __main__ - INFO - 💽 GPU Memory - Allocated: 8680.17MB, Reserved: 8968.00MB
2025-03-28 17:34:57,200 - __main__ - ERROR - ❌ Error in endpoint: 'str' object has no attribute 'items'
Traceback (most recent call last):
  File "/home/vantaggiato/Test_ProgettoVantaggiato/webapp/app.py", line 332, in get_response
    formatted_responses = {phase: ResponseProcessor.format_html(response) for phase, response in responses.items()}
                                                                                                 ^^^^^^^^^^^^^^^
AttributeError: 'str' object has no attribute 'items'
2025-03-28 17:34:57,201 - werkzeug - INFO - 127.0.0.1 - - [28/Mar/2025 17:34:57] "[35m[1mPOST /get_response HTTP/1.1[0m" 500 -
2025-03-28 17:34:57,286 - werkzeug - INFO - 127.0.0.1 - - [28/Mar/2025 17:34:57] "[33mGET /static/default-icon.png HTTP/1.1[0m" 404 -
2025-03-28 17:34:57,377 - werkzeug - INFO - 127.0.0.1 - - [28/Mar/2025 17:34:57] "[33mGET /static/default-icon.png HTTP/1.1[0m" 404 -
2025-03-28 17:34:57,599 - werkzeug - INFO - 127.0.0.1 - - [28/Mar/2025 17:34:57] "[33mGET /static/default-icon.png HTTP/1.1[0m" 404 -
2025-03-28 17:34:57,739 - werkzeug - INFO - 127.0.0.1 - - [28/Mar/2025 17:34:57] "[33mGET /static/default-icon.png HTTP/1.1[0m" 404 -
2025-03-28 17:34:57,876 - werkzeug - INFO - 127.0.0.1 - - [28/Mar/2025 17:34:57] "[33mGET /static/default-icon.png HTTP/1.1[0m" 404 -
2025-03-28 17:34:57,974 - werkzeug - INFO - 127.0.0.1 - - [28/Mar/2025 17:34:57] "[33mGET /static/default-icon.png HTTP/1.1[0m" 404 -
2025-03-28 17:34:58,065 - werkzeug - INFO - 127.0.0.1 - - [28/Mar/2025 17:34:58] "[33mGET /static/default-icon.png HTTP/1.1[0m" 404 -
2025-03-28 17:34:58,235 - werkzeug - INFO - 127.0.0.1 - - [28/Mar/2025 17:34:58] "[33mGET /static/default-icon.png HTTP/1.1[0m" 404 -
2025-03-28 17:34:58,330 - werkzeug - INFO - 127.0.0.1 - - [28/Mar/2025 17:34:58] "[33mGET /static/default-icon.png HTTP/1.1[0m" 404 -
2025-03-28 17:34:58,393 - werkzeug - INFO - 127.0.0.1 - - [28/Mar/2025 17:34:58] "[33mGET /static/default-icon.png HTTP/1.1[0m" 404 -
2025-03-28 17:34:58,538 - werkzeug - INFO - 127.0.0.1 - - [28/Mar/2025 17:34:58] "[33mGET /static/default-icon.png HTTP/1.1[0m" 404 -
2025-03-28 17:34:58,680 - werkzeug - INFO - 127.0.0.1 - - [28/Mar/2025 17:34:58] "[33mGET /static/default-icon.png HTTP/1.1[0m" 404 -
2025-03-28 17:34:58,779 - werkzeug - INFO - 127.0.0.1 - - [28/Mar/2025 17:34:58] "[33mGET /static/default-icon.png HTTP/1.1[0m" 404 -
2025-03-28 17:34:58,908 - werkzeug - INFO - 127.0.0.1 - - [28/Mar/2025 17:34:58] "[33mGET /static/default-icon.png HTTP/1.1[0m" 404 -
2025-03-28 17:34:59,062 - werkzeug - INFO - 127.0.0.1 - - [28/Mar/2025 17:34:59] "[33mGET /static/default-icon.png HTTP/1.1[0m" 404 -
2025-03-28 17:34:59,231 - werkzeug - INFO - 127.0.0.1 - - [28/Mar/2025 17:34:59] "[33mGET /static/default-icon.png HTTP/1.1[0m" 404 -
2025-03-28 17:34:59,378 - werkzeug - INFO - 127.0.0.1 - - [28/Mar/2025 17:34:59] "[33mGET /static/default-icon.png HTTP/1.1[0m" 404 -
2025-03-28 17:34:59,468 - werkzeug - INFO - 127.0.0.1 - - [28/Mar/2025 17:34:59] "[33mGET /static/default-icon.png HTTP/1.1[0m" 404 -
2025-03-28 17:34:59,530 - werkzeug - INFO - 127.0.0.1 - - [28/Mar/2025 17:34:59] "[33mGET /static/default-icon.png HTTP/1.1[0m" 404 -
2025-03-28 17:34:59,670 - werkzeug - INFO - 127.0.0.1 - - [28/Mar/2025 17:34:59] "[33mGET /static/default-icon.png HTTP/1.1[0m" 404 -
2025-03-28 17:34:59,769 - werkzeug - INFO - 127.0.0.1 - - [28/Mar/2025 17:34:59] "[33mGET /static/default-icon.png HTTP/1.1[0m" 404 -
2025-03-28 17:34:59,864 - werkzeug - INFO - 127.0.0.1 - - [28/Mar/2025 17:34:59] "[33mGET /static/default-icon.png HTTP/1.1[0m" 404 -
2025-03-28 17:35:00,101 - werkzeug - INFO - 127.0.0.1 - - [28/Mar/2025 17:35:00] "[33mGET /static/default-icon.png HTTP/1.1[0m" 404 -
2025-03-28 17:35:00,303 - werkzeug - INFO - 127.0.0.1 - - [28/Mar/2025 17:35:00] "[33mGET /static/default-icon.png HTTP/1.1[0m" 404 -
2025-03-28 17:35:00,389 - werkzeug - INFO - 127.0.0.1 - - [28/Mar/2025 17:35:00] "[33mGET /static/default-icon.png HTTP/1.1[0m" 404 -
2025-03-28 17:35:00,461 - werkzeug - INFO - 127.0.0.1 - - [28/Mar/2025 17:35:00] "[33mGET /static/default-icon.png HTTP/1.1[0m" 404 -
2025-03-28 17:35:00,560 - werkzeug - INFO - 127.0.0.1 - - [28/Mar/2025 17:35:00] "[33mGET /static/default-icon.png HTTP/1.1[0m" 404 -
2025-03-28 17:35:00,665 - werkzeug - INFO - 127.0.0.1 - - [28/Mar/2025 17:35:00] "[33mGET /static/default-icon.png HTTP/1.1[0m" 404 -
2025-03-28 17:35:00,759 - werkzeug - INFO - 127.0.0.1 - - [28/Mar/2025 17:35:00] "[33mGET /static/default-icon.png HTTP/1.1[0m" 404 -
2025-03-28 17:35:00,826 - werkzeug - INFO - 127.0.0.1 - - [28/Mar/2025 17:35:00] "[33mGET /static/default-icon.png HTTP/1.1[0m" 404 -
2025-03-28 17:35:00,958 - werkzeug - INFO - 127.0.0.1 - - [28/Mar/2025 17:35:00] "[33mGET /static/default-icon.png HTTP/1.1[0m" 404 -
2025-03-28 17:35:01,089 - werkzeug - INFO - 127.0.0.1 - - [28/Mar/2025 17:35:01] "[33mGET /static/default-icon.png HTTP/1.1[0m" 404 -
2025-03-28 17:35:01,188 - werkzeug - INFO - 127.0.0.1 - - [28/Mar/2025 17:35:01] "[33mGET /static/default-icon.png HTTP/1.1[0m" 404 -
2025-03-28 17:35:01,278 - werkzeug - INFO - 127.0.0.1 - - [28/Mar/2025 17:35:01] "[33mGET /static/default-icon.png HTTP/1.1[0m" 404 -
2025-03-28 17:35:01,385 - werkzeug - INFO - 127.0.0.1 - - [28/Mar/2025 17:35:01] "[33mGET /static/default-icon.png HTTP/1.1[0m" 404 -
2025-03-28 17:35:01,480 - werkzeug - INFO - 127.0.0.1 - - [28/Mar/2025 17:35:01] "[33mGET /static/default-icon.png HTTP/1.1[0m" 404 -
2025-03-28 17:35:01,573 - werkzeug - INFO - 127.0.0.1 - - [28/Mar/2025 17:35:01] "[33mGET /static/default-icon.png HTTP/1.1[0m" 404 -
2025-03-28 17:35:01,641 - werkzeug - INFO - 127.0.0.1 - - [28/Mar/2025 17:35:01] "[33mGET /static/default-icon.png HTTP/1.1[0m" 404 -
2025-03-28 17:35:01,790 - werkzeug - INFO - 127.0.0.1 - - [28/Mar/2025 17:35:01] "[33mGET /static/default-icon.png HTTP/1.1[0m" 404 -
2025-03-28 17:35:01,932 - werkzeug - INFO - 127.0.0.1 - - [28/Mar/2025 17:35:01] "[33mGET /static/default-icon.png HTTP/1.1[0m" 404 -
2025-03-28 17:35:02,017 - werkzeug - INFO - 127.0.0.1 - - [28/Mar/2025 17:35:02] "[33mGET /static/default-icon.png HTTP/1.1[0m" 404 -
2025-03-28 17:35:02,101 - werkzeug - INFO - 127.0.0.1 - - [28/Mar/2025 17:35:02] "[33mGET /static/default-icon.png HTTP/1.1[0m" 404 -
2025-03-28 17:35:02,174 - werkzeug - INFO - 127.0.0.1 - - [28/Mar/2025 17:35:02] "[33mGET /static/default-icon.png HTTP/1.1[0m" 404 -
2025-03-28 17:35:02,305 - werkzeug - INFO - 127.0.0.1 - - [28/Mar/2025 17:35:02] "[33mGET /static/default-icon.png HTTP/1.1[0m" 404 -
2025-03-28 17:35:02,454 - werkzeug - INFO - 127.0.0.1 - - [28/Mar/2025 17:35:02] "[33mGET /static/default-icon.png HTTP/1.1[0m" 404 -
2025-03-28 17:35:02,610 - werkzeug - INFO - 127.0.0.1 - - [28/Mar/2025 17:35:02] "[33mGET /static/default-icon.png HTTP/1.1[0m" 404 -
2025-03-28 17:35:02,712 - werkzeug - INFO - 127.0.0.1 - - [28/Mar/2025 17:35:02] "[33mGET /static/default-icon.png HTTP/1.1[0m" 404 -
2025-03-28 17:35:02,803 - werkzeug - INFO - 127.0.0.1 - - [28/Mar/2025 17:35:02] "[33mGET /static/default-icon.png HTTP/1.1[0m" 404 -
2025-03-28 17:35:02,894 - werkzeug - INFO - 127.0.0.1 - - [28/Mar/2025 17:35:02] "[33mGET /static/default-icon.png HTTP/1.1[0m" 404 -
2025-03-28 17:35:02,995 - werkzeug - INFO - 127.0.0.1 - - [28/Mar/2025 17:35:02] "[33mGET /static/default-icon.png HTTP/1.1[0m" 404 -
2025-03-28 17:35:03,076 - werkzeug - INFO - 127.0.0.1 - - [28/Mar/2025 17:35:03] "[33mGET /static/default-icon.png HTTP/1.1[0m" 404 -
2025-03-28 17:35:03,203 - werkzeug - INFO - 127.0.0.1 - - [28/Mar/2025 17:35:03] "[33mGET /static/default-icon.png HTTP/1.1[0m" 404 -
2025-03-28 17:35:03,342 - werkzeug - INFO - 127.0.0.1 - - [28/Mar/2025 17:35:03] "[33mGET /static/default-icon.png HTTP/1.1[0m" 404 -
2025-03-28 17:35:03,482 - werkzeug - INFO - 127.0.0.1 - - [28/Mar/2025 17:35:03] "[33mGET /static/default-icon.png HTTP/1.1[0m" 404 -
2025-03-28 17:35:03,580 - werkzeug - INFO - 127.0.0.1 - - [28/Mar/2025 17:35:03] "[33mGET /static/default-icon.png HTTP/1.1[0m" 404 -
2025-03-28 17:35:03,666 - werkzeug - INFO - 127.0.0.1 - - [28/Mar/2025 17:35:03] "[33mGET /static/default-icon.png HTTP/1.1[0m" 404 -
2025-03-28 17:35:03,839 - werkzeug - INFO - 127.0.0.1 - - [28/Mar/2025 17:35:03] "[33mGET /static/default-icon.png HTTP/1.1[0m" 404 -
2025-03-28 17:35:03,935 - werkzeug - INFO - 127.0.0.1 - - [28/Mar/2025 17:35:03] "[33mGET /static/default-icon.png HTTP/1.1[0m" 404 -
2025-03-28 17:35:04,078 - werkzeug - INFO - 127.0.0.1 - - [28/Mar/2025 17:35:04] "[33mGET /static/default-icon.png HTTP/1.1[0m" 404 -
2025-03-28 17:35:04,165 - werkzeug - INFO - 127.0.0.1 - - [28/Mar/2025 17:35:04] "[33mGET /static/default-icon.png HTTP/1.1[0m" 404 -
2025-03-28 17:35:04,257 - werkzeug - INFO - 127.0.0.1 - - [28/Mar/2025 17:35:04] "[33mGET /static/default-icon.png HTTP/1.1[0m" 404 -
2025-03-28 17:35:04,396 - werkzeug - INFO - 127.0.0.1 - - [28/Mar/2025 17:35:04] "[33mGET /static/default-icon.png HTTP/1.1[0m" 404 -
2025-03-28 17:35:04,503 - werkzeug - INFO - 127.0.0.1 - - [28/Mar/2025 17:35:04] "[33mGET /static/default-icon.png HTTP/1.1[0m" 404 -
2025-03-28 17:35:04,597 - werkzeug - INFO - 127.0.0.1 - - [28/Mar/2025 17:35:04] "[33mGET /static/default-icon.png HTTP/1.1[0m" 404 -
2025-03-28 17:35:04,776 - werkzeug - INFO - 127.0.0.1 - - [28/Mar/2025 17:35:04] "[33mGET /static/default-icon.png HTTP/1.1[0m" 404 -
2025-03-28 17:35:04,925 - werkzeug - INFO - 127.0.0.1 - - [28/Mar/2025 17:35:04] "[33mGET /static/default-icon.png HTTP/1.1[0m" 404 -
2025-03-28 17:35:05,087 - werkzeug - INFO - 127.0.0.1 - - [28/Mar/2025 17:35:05] "[33mGET /static/default-icon.png HTTP/1.1[0m" 404 -
2025-03-28 17:35:05,175 - werkzeug - INFO - 127.0.0.1 - - [28/Mar/2025 17:35:05] "[33mGET /static/default-icon.png HTTP/1.1[0m" 404 -
2025-03-28 17:35:05,269 - werkzeug - INFO - 127.0.0.1 - - [28/Mar/2025 17:35:05] "[33mGET /static/default-icon.png HTTP/1.1[0m" 404 -
2025-03-28 17:35:05,362 - werkzeug - INFO - 127.0.0.1 - - [28/Mar/2025 17:35:05] "[33mGET /static/default-icon.png HTTP/1.1[0m" 404 -
2025-03-28 17:35:05,430 - werkzeug - INFO - 127.0.0.1 - - [28/Mar/2025 17:35:05] "[33mGET /static/default-icon.png HTTP/1.1[0m" 404 -
2025-03-28 17:35:05,531 - werkzeug - INFO - 127.0.0.1 - - [28/Mar/2025 17:35:05] "[33mGET /static/default-icon.png HTTP/1.1[0m" 404 -
2025-03-28 17:35:05,616 - werkzeug - INFO - 127.0.0.1 - - [28/Mar/2025 17:35:05] "[33mGET /static/default-icon.png HTTP/1.1[0m" 404 -
2025-03-28 17:35:05,728 - werkzeug - INFO - 127.0.0.1 - - [28/Mar/2025 17:35:05] "[33mGET /static/default-icon.png HTTP/1.1[0m" 404 -
2025-03-28 17:35:05,880 - werkzeug - INFO - 127.0.0.1 - - [28/Mar/2025 17:35:05] "[33mGET /static/default-icon.png HTTP/1.1[0m" 404 -
2025-03-28 17:35:06,050 - werkzeug - INFO - 127.0.0.1 - - [28/Mar/2025 17:35:06] "[33mGET /static/default-icon.png HTTP/1.1[0m" 404 -
2025-03-28 17:35:06,186 - werkzeug - INFO - 127.0.0.1 - - [28/Mar/2025 17:35:06] "[33mGET /static/default-icon.png HTTP/1.1[0m" 404 -
2025-03-28 17:35:06,396 - werkzeug - INFO - 127.0.0.1 - - [28/Mar/2025 17:35:06] "[33mGET /static/default-icon.png HTTP/1.1[0m" 404 -
2025-03-28 17:35:06,542 - werkzeug - INFO - 127.0.0.1 - - [28/Mar/2025 17:35:06] "[33mGET /static/default-icon.png HTTP/1.1[0m" 404 -
2025-03-28 17:35:06,714 - werkzeug - INFO - 127.0.0.1 - - [28/Mar/2025 17:35:06] "[33mGET /static/default-icon.png HTTP/1.1[0m" 404 -
2025-03-28 17:35:06,847 - werkzeug - INFO - 127.0.0.1 - - [28/Mar/2025 17:35:06] "[33mGET /static/default-icon.png HTTP/1.1[0m" 404 -
2025-03-28 17:35:06,978 - werkzeug - INFO - 127.0.0.1 - - [28/Mar/2025 17:35:06] "[33mGET /static/default-icon.png HTTP/1.1[0m" 404 -
2025-03-28 17:35:07,069 - werkzeug - INFO - 127.0.0.1 - - [28/Mar/2025 17:35:07] "[33mGET /static/default-icon.png HTTP/1.1[0m" 404 -
2025-03-28 17:35:07,145 - werkzeug - INFO - 127.0.0.1 - - [28/Mar/2025 17:35:07] "[33mGET /static/default-icon.png HTTP/1.1[0m" 404 -
2025-03-28 17:35:07,230 - werkzeug - INFO - 127.0.0.1 - - [28/Mar/2025 17:35:07] "[33mGET /static/default-icon.png HTTP/1.1[0m" 404 -
2025-03-28 17:35:07,322 - werkzeug - INFO - 127.0.0.1 - - [28/Mar/2025 17:35:07] "[33mGET /static/default-icon.png HTTP/1.1[0m" 404 -
2025-03-28 17:35:07,409 - werkzeug - INFO - 127.0.0.1 - - [28/Mar/2025 17:35:07] "[33mGET /static/default-icon.png HTTP/1.1[0m" 404 -
2025-03-28 17:35:07,491 - werkzeug - INFO - 127.0.0.1 - - [28/Mar/2025 17:35:07] "[33mGET /static/default-icon.png HTTP/1.1[0m" 404 -
2025-03-28 17:35:07,639 - werkzeug - INFO - 127.0.0.1 - - [28/Mar/2025 17:35:07] "[33mGET /static/default-icon.png HTTP/1.1[0m" 404 -
2025-03-28 17:35:07,765 - werkzeug - INFO - 127.0.0.1 - - [28/Mar/2025 17:35:07] "[33mGET /static/default-icon.png HTTP/1.1[0m" 404 -
2025-03-28 17:35:07,898 - werkzeug - INFO - 127.0.0.1 - - [28/Mar/2025 17:35:07] "[33mGET /static/default-icon.png HTTP/1.1[0m" 404 -
2025-03-28 17:35:08,039 - werkzeug - INFO - 127.0.0.1 - - [28/Mar/2025 17:35:08] "[33mGET /static/default-icon.png HTTP/1.1[0m" 404 -
2025-03-28 17:35:08,215 - werkzeug - INFO - 127.0.0.1 - - [28/Mar/2025 17:35:08] "[33mGET /static/default-icon.png HTTP/1.1[0m" 404 -
2025-03-28 17:35:08,318 - werkzeug - INFO - 127.0.0.1 - - [28/Mar/2025 17:35:08] "[33mGET /static/default-icon.png HTTP/1.1[0m" 404 -
2025-03-28 17:35:08,420 - werkzeug - INFO - 127.0.0.1 - - [28/Mar/2025 17:35:08] "[33mGET /static/default-icon.png HTTP/1.1[0m" 404 -
2025-03-28 17:35:08,560 - werkzeug - INFO - 127.0.0.1 - - [28/Mar/2025 17:35:08] "[33mGET /static/default-icon.png HTTP/1.1[0m" 404 -
2025-03-28 17:35:08,687 - werkzeug - INFO - 127.0.0.1 - - [28/Mar/2025 17:35:08] "[33mGET /static/default-icon.png HTTP/1.1[0m" 404 -
2025-03-28 17:35:08,773 - werkzeug - INFO - 127.0.0.1 - - [28/Mar/2025 17:35:08] "[33mGET /static/default-icon.png HTTP/1.1[0m" 404 -
2025-03-28 17:35:08,902 - werkzeug - INFO - 127.0.0.1 - - [28/Mar/2025 17:35:08] "[33mGET /static/default-icon.png HTTP/1.1[0m" 404 -
2025-03-28 17:35:09,042 - werkzeug - INFO - 127.0.0.1 - - [28/Mar/2025 17:35:09] "[33mGET /static/default-icon.png HTTP/1.1[0m" 404 -
2025-03-28 17:35:09,127 - werkzeug - INFO - 127.0.0.1 - - [28/Mar/2025 17:35:09] "[33mGET /static/default-icon.png HTTP/1.1[0m" 404 -
2025-03-28 17:35:09,226 - werkzeug - INFO - 127.0.0.1 - - [28/Mar/2025 17:35:09] "[33mGET /static/default-icon.png HTTP/1.1[0m" 404 -
2025-03-28 17:35:09,319 - werkzeug - INFO - 127.0.0.1 - - [28/Mar/2025 17:35:09] "[33mGET /static/default-icon.png HTTP/1.1[0m" 404 -
2025-03-28 17:35:09,457 - werkzeug - INFO - 127.0.0.1 - - [28/Mar/2025 17:35:09] "[33mGET /static/default-icon.png HTTP/1.1[0m" 404 -
2025-03-28 17:35:09,539 - werkzeug - INFO - 127.0.0.1 - - [28/Mar/2025 17:35:09] "[33mGET /static/default-icon.png HTTP/1.1[0m" 404 -
2025-03-28 17:35:09,635 - werkzeug - INFO - 127.0.0.1 - - [28/Mar/2025 17:35:09] "[33mGET /static/default-icon.png HTTP/1.1[0m" 404 -
2025-03-28 17:35:09,769 - werkzeug - INFO - 127.0.0.1 - - [28/Mar/2025 17:35:09] "[33mGET /static/default-icon.png HTTP/1.1[0m" 404 -
2025-03-28 17:35:09,904 - werkzeug - INFO - 127.0.0.1 - - [28/Mar/2025 17:35:09] "[33mGET /static/default-icon.png HTTP/1.1[0m" 404 -
2025-03-28 17:35:10,007 - werkzeug - INFO - 127.0.0.1 - - [28/Mar/2025 17:35:10] "[33mGET /static/default-icon.png HTTP/1.1[0m" 404 -
2025-03-28 17:35:10,128 - werkzeug - INFO - 127.0.0.1 - - [28/Mar/2025 17:35:10] "[33mGET /static/default-icon.png HTTP/1.1[0m" 404 -
2025-03-28 17:35:10,210 - werkzeug - INFO - 127.0.0.1 - - [28/Mar/2025 17:35:10] "[33mGET /static/default-icon.png HTTP/1.1[0m" 404 -
2025-03-28 17:35:10,299 - werkzeug - INFO - 127.0.0.1 - - [28/Mar/2025 17:35:10] "[33mGET /static/default-icon.png HTTP/1.1[0m" 404 -
2025-03-28 17:35:10,368 - werkzeug - INFO - 127.0.0.1 - - [28/Mar/2025 17:35:10] "[33mGET /static/default-icon.png HTTP/1.1[0m" 404 -
2025-03-28 17:35:10,509 - werkzeug - INFO - 127.0.0.1 - - [28/Mar/2025 17:35:10] "[33mGET /static/default-icon.png HTTP/1.1[0m" 404 -
2025-03-28 17:35:10,658 - werkzeug - INFO - 127.0.0.1 - - [28/Mar/2025 17:35:10] "[33mGET /static/default-icon.png HTTP/1.1[0m" 404 -
2025-03-28 17:35:10,743 - werkzeug - INFO - 127.0.0.1 - - [28/Mar/2025 17:35:10] "[33mGET /static/default-icon.png HTTP/1.1[0m" 404 -
2025-03-28 17:35:10,832 - werkzeug - INFO - 127.0.0.1 - - [28/Mar/2025 17:35:10] "[33mGET /static/default-icon.png HTTP/1.1[0m" 404 -
2025-03-28 17:35:10,928 - werkzeug - INFO - 127.0.0.1 - - [28/Mar/2025 17:35:10] "[33mGET /static/default-icon.png HTTP/1.1[0m" 404 -
2025-03-28 17:35:11,019 - werkzeug - INFO - 127.0.0.1 - - [28/Mar/2025 17:35:11] "[33mGET /static/default-icon.png HTTP/1.1[0m" 404 -
2025-03-28 17:43:36,900 - accelerate.utils.modeling - INFO - We will use 90% of the memory on device 0 for storing the model, and 10% for the buffer to avoid OOM. You can set `max_memory` in to a higher value to use more memory (at your own risk).
2025-03-28 17:43:41,456 - __main__ - INFO - ✅ Model and tokenizer loaded successfully
2025-03-28 17:43:41,456 - __main__ - INFO - 💽 GPU Memory - Allocated: 8665.76MB, Reserved: 8842.00MB
2025-03-28 17:43:41,456 - __main__ - INFO - System prompt loaded. Length: 2838 characters
2025-03-28 17:43:41,456 - __main__ - INFO - 🚀 Pipeline initialized with max_length=1024
2025-03-28 17:43:41,457 - __main__ - INFO - 🚀 Production mode active
2025-03-28 17:43:41,457 - __main__ - INFO - 🚀 Starting Flask server...
2025-03-28 17:43:41,458 - werkzeug - INFO - [31m[1mWARNING: This is a development server. Do not use it in a production deployment. Use a production WSGI server instead.[0m
 * Running on http://127.0.0.1:5000
2025-03-28 17:43:41,458 - werkzeug - INFO - [33mPress CTRL+C to quit[0m
2025-03-28 17:43:43,504 - werkzeug - INFO - 127.0.0.1 - - [28/Mar/2025 17:43:43] "GET / HTTP/1.1" 200 -
2025-03-28 17:43:43,681 - werkzeug - INFO - 127.0.0.1 - - [28/Mar/2025 17:43:43] "GET /static/chatbot.js HTTP/1.1" 200 -
2025-03-28 17:43:43,688 - werkzeug - INFO - 127.0.0.1 - - [28/Mar/2025 17:43:43] "[36mGET /static/style.css HTTP/1.1[0m" 304 -
2025-03-28 17:43:43,689 - werkzeug - INFO - 127.0.0.1 - - [28/Mar/2025 17:43:43] "[36mGET /static/bot-icon.png HTTP/1.1[0m" 304 -
2025-03-28 17:44:42,622 - __main__ - INFO - 📥 Input received (first 100 characters): {
  "timestamp": "2023-10-25T14:22:10Z",
  "event_type": "auth_failed",
  "severity": "high",
  "sou
2025-03-28 17:44:42,622 - __main__ - INFO - Prompt generated (3218 characters)
2025-03-28 17:44:42,622 - __main__ - INFO - Phase prompt generated (3252 characters)
2025-03-28 17:44:42,653 - werkzeug - INFO - 127.0.0.1 - - [28/Mar/2025 17:44:42] "[33mGET /static/user-icon.png HTTP/1.1[0m" 404 -
2025-03-28 17:45:17,393 - __main__ - INFO - Response generated for phase Reconnaissance (4189 characters)
2025-03-28 17:45:17,394 - __main__ - ERROR - ❌ Error in generation: Error 111 connecting to localhost:6379. Connection refused.
Traceback (most recent call last):
  File "/home/vantaggiato/Test_ProgettoVantaggiato/venv/lib/python3.11/site-packages/redis/connection.py", line 357, in connect
    sock = self.retry.call_with_retry(
           ^^^^^^^^^^^^^^^^^^^^^^^^^^^
  File "/home/vantaggiato/Test_ProgettoVantaggiato/venv/lib/python3.11/site-packages/redis/retry.py", line 62, in call_with_retry
    return do()
           ^^^^
  File "/home/vantaggiato/Test_ProgettoVantaggiato/venv/lib/python3.11/site-packages/redis/connection.py", line 358, in <lambda>
    lambda: self._connect(), lambda error: self.disconnect(error)
            ^^^^^^^^^^^^^^^
  File "/home/vantaggiato/Test_ProgettoVantaggiato/venv/lib/python3.11/site-packages/redis/connection.py", line 730, in _connect
    raise err
  File "/home/vantaggiato/Test_ProgettoVantaggiato/venv/lib/python3.11/site-packages/redis/connection.py", line 718, in _connect
    sock.connect(socket_address)
ConnectionRefusedError: [Errno 111] Connection refused

During handling of the above exception, another exception occurred:

Traceback (most recent call last):
  File "/home/vantaggiato/Test_ProgettoVantaggiato/webapp/app.py", line 273, in generate_response
    sse.publish({"response": response, "phase": phase}, type="phase_update")
  File "/home/vantaggiato/Test_ProgettoVantaggiato/venv/lib/python3.11/site-packages/flask_sse.py", line 131, in publish
    return self.redis.publish(channel=channel, message=msg_json)
           ^^^^^^^^^^^^^^^^^^^^^^^^^^^^^^^^^^^^^^^^^^^^^^^^^^^^^
  File "/home/vantaggiato/Test_ProgettoVantaggiato/venv/lib/python3.11/site-packages/redis/commands/core.py", line 5594, in publish
    return self.execute_command("PUBLISH", channel, message, **kwargs)
           ^^^^^^^^^^^^^^^^^^^^^^^^^^^^^^^^^^^^^^^^^^^^^^^^^^^^^^^^^^^
  File "/home/vantaggiato/Test_ProgettoVantaggiato/venv/lib/python3.11/site-packages/redis/client.py", line 559, in execute_command
    return self._execute_command(*args, **options)
           ^^^^^^^^^^^^^^^^^^^^^^^^^^^^^^^^^^^^^^^
  File "/home/vantaggiato/Test_ProgettoVantaggiato/venv/lib/python3.11/site-packages/redis/client.py", line 565, in _execute_command
    conn = self.connection or pool.get_connection(command_name, **options)
                              ^^^^^^^^^^^^^^^^^^^^^^^^^^^^^^^^^^^^^^^^^^^^
  File "/home/vantaggiato/Test_ProgettoVantaggiato/venv/lib/python3.11/site-packages/redis/connection.py", line 1422, in get_connection
    connection.connect()
  File "/home/vantaggiato/Test_ProgettoVantaggiato/venv/lib/python3.11/site-packages/redis/connection.py", line 363, in connect
    raise ConnectionError(self._error_message(e))
redis.exceptions.ConnectionError: Error 111 connecting to localhost:6379. Connection refused.
2025-03-28 17:45:17,395 - __main__ - INFO - 💽 GPU Memory - Allocated: 8679.65MB, Reserved: 8954.00MB
2025-03-28 17:45:17,395 - werkzeug - INFO - 127.0.0.1 - - [28/Mar/2025 17:45:17] "[35m[1mPOST /get_response HTTP/1.1[0m" 500 -
2025-03-28 17:47:08,850 - accelerate.utils.modeling - INFO - We will use 90% of the memory on device 0 for storing the model, and 10% for the buffer to avoid OOM. You can set `max_memory` in to a higher value to use more memory (at your own risk).
2025-03-28 17:47:12,217 - __main__ - INFO - ✅ Model and tokenizer loaded successfully
2025-03-28 17:47:12,217 - __main__ - INFO - 💽 GPU Memory - Allocated: 8665.76MB, Reserved: 8842.00MB
2025-03-28 17:47:12,217 - __main__ - INFO - System prompt loaded. Length: 2838 characters
2025-03-28 17:47:12,218 - __main__ - INFO - 🚀 Pipeline initialized with max_length=1024
2025-03-28 17:47:12,218 - __main__ - INFO - 🚀 Production mode active
2025-03-28 17:47:12,218 - __main__ - INFO - 🚀 Starting Flask server...
2025-03-28 17:47:12,219 - werkzeug - INFO - [31m[1mWARNING: This is a development server. Do not use it in a production deployment. Use a production WSGI server instead.[0m
 * Running on http://127.0.0.1:5000
2025-03-28 17:47:12,219 - werkzeug - INFO - [33mPress CTRL+C to quit[0m
2025-03-28 17:47:15,041 - werkzeug - INFO - 127.0.0.1 - - [28/Mar/2025 17:47:15] "GET / HTTP/1.1" 200 -
2025-03-28 17:47:15,125 - werkzeug - INFO - 127.0.0.1 - - [28/Mar/2025 17:47:15] "[36mGET /static/style.css HTTP/1.1[0m" 304 -
2025-03-28 17:47:15,128 - werkzeug - INFO - 127.0.0.1 - - [28/Mar/2025 17:47:15] "[36mGET /static/bot-icon.png HTTP/1.1[0m" 304 -
2025-03-28 17:47:15,158 - werkzeug - INFO - 127.0.0.1 - - [28/Mar/2025 17:47:15] "[36mGET /static/chatbot.js HTTP/1.1[0m" 304 -
2025-03-28 17:47:22,455 - werkzeug - INFO - 127.0.0.1 - - [28/Mar/2025 17:47:22] "[33mGET /static/user-icon.png HTTP/1.1[0m" 404 -
2025-03-28 17:47:22,492 - __main__ - INFO - 📥 Input received (first 100 characters): {
  "timestamp": "2023-10-25T18:30:12Z",
  "event_type": "rate_limit_exceeded",
  "severity": "mediu
2025-03-28 17:47:22,492 - __main__ - INFO - Prompt generated (3158 characters)
2025-03-28 17:47:22,493 - __main__ - INFO - Phase prompt generated (3192 characters)
2025-03-28 17:47:24,975 - __main__ - INFO - Response generated for phase Reconnaissance (310 characters)
2025-03-28 17:47:24,975 - werkzeug - ERROR - 127.0.0.1 - - [28/Mar/2025 17:47:24] code 400, message Bad request syntax ('*4')
2025-03-28 17:47:24,975 - werkzeug - INFO - 127.0.0.1 - - [28/Mar/2025 17:47:24] "[31m[1m*4[0m" 400 -
2025-03-28 17:47:24,976 - __main__ - ERROR - ❌ Error in generation: Connection closed by server.
Traceback (most recent call last):
  File "/home/vantaggiato/Test_ProgettoVantaggiato/webapp/app.py", line 273, in generate_response
    sse.publish({"response": response, "phase": phase}, type="phase_update")
  File "/home/vantaggiato/Test_ProgettoVantaggiato/venv/lib/python3.11/site-packages/flask_sse.py", line 131, in publish
    return self.redis.publish(channel=channel, message=msg_json)
           ^^^^^^^^^^^^^^^^^^^^^^^^^^^^^^^^^^^^^^^^^^^^^^^^^^^^^
  File "/home/vantaggiato/Test_ProgettoVantaggiato/venv/lib/python3.11/site-packages/redis/commands/core.py", line 5594, in publish
    return self.execute_command("PUBLISH", channel, message, **kwargs)
           ^^^^^^^^^^^^^^^^^^^^^^^^^^^^^^^^^^^^^^^^^^^^^^^^^^^^^^^^^^^
  File "/home/vantaggiato/Test_ProgettoVantaggiato/venv/lib/python3.11/site-packages/redis/client.py", line 559, in execute_command
    return self._execute_command(*args, **options)
           ^^^^^^^^^^^^^^^^^^^^^^^^^^^^^^^^^^^^^^^
  File "/home/vantaggiato/Test_ProgettoVantaggiato/venv/lib/python3.11/site-packages/redis/client.py", line 565, in _execute_command
    conn = self.connection or pool.get_connection(command_name, **options)
                              ^^^^^^^^^^^^^^^^^^^^^^^^^^^^^^^^^^^^^^^^^^^^
  File "/home/vantaggiato/Test_ProgettoVantaggiato/venv/lib/python3.11/site-packages/redis/connection.py", line 1422, in get_connection
    connection.connect()
  File "/home/vantaggiato/Test_ProgettoVantaggiato/venv/lib/python3.11/site-packages/redis/connection.py", line 369, in connect
    self.on_connect()
  File "/home/vantaggiato/Test_ProgettoVantaggiato/venv/lib/python3.11/site-packages/redis/connection.py", line 471, in on_connect
    self.read_response()
  File "/home/vantaggiato/Test_ProgettoVantaggiato/venv/lib/python3.11/site-packages/redis/connection.py", line 592, in read_response
    response = self._parser.read_response(disable_decoding=disable_decoding)
               ^^^^^^^^^^^^^^^^^^^^^^^^^^^^^^^^^^^^^^^^^^^^^^^^^^^^^^^^^^^^^
  File "/home/vantaggiato/Test_ProgettoVantaggiato/venv/lib/python3.11/site-packages/redis/_parsers/resp2.py", line 15, in read_response
    result = self._read_response(disable_decoding=disable_decoding)
             ^^^^^^^^^^^^^^^^^^^^^^^^^^^^^^^^^^^^^^^^^^^^^^^^^^^^^^
  File "/home/vantaggiato/Test_ProgettoVantaggiato/venv/lib/python3.11/site-packages/redis/_parsers/resp2.py", line 25, in _read_response
    raw = self._buffer.readline()
          ^^^^^^^^^^^^^^^^^^^^^^^
  File "/home/vantaggiato/Test_ProgettoVantaggiato/venv/lib/python3.11/site-packages/redis/_parsers/socket.py", line 115, in readline
    self._read_from_socket()
  File "/home/vantaggiato/Test_ProgettoVantaggiato/venv/lib/python3.11/site-packages/redis/_parsers/socket.py", line 68, in _read_from_socket
    raise ConnectionError(SERVER_CLOSED_CONNECTION_ERROR)
redis.exceptions.ConnectionError: Connection closed by server.
2025-03-28 17:47:24,977 - __main__ - INFO - 💽 GPU Memory - Allocated: 8679.53MB, Reserved: 8948.00MB
2025-03-28 17:47:24,977 - werkzeug - INFO - 127.0.0.1 - - [28/Mar/2025 17:47:24] "[35m[1mPOST /get_response HTTP/1.1[0m" 500 -
2025-03-28 17:47:59,457 - accelerate.utils.modeling - INFO - We will use 90% of the memory on device 0 for storing the model, and 10% for the buffer to avoid OOM. You can set `max_memory` in to a higher value to use more memory (at your own risk).
2025-03-28 17:48:03,361 - __main__ - INFO - ✅ Model and tokenizer loaded successfully
2025-03-28 17:48:03,361 - __main__ - INFO - 💽 GPU Memory - Allocated: 8665.76MB, Reserved: 8842.00MB
2025-03-28 17:48:03,361 - __main__ - INFO - System prompt loaded. Length: 2838 characters
2025-03-28 17:48:03,362 - __main__ - INFO - 🚀 Pipeline initialized with max_length=1024
2025-03-28 17:48:03,362 - __main__ - INFO - 🚀 Production mode active
2025-03-28 17:48:03,362 - __main__ - INFO - 🚀 Starting Flask server...
2025-03-28 17:48:03,363 - werkzeug - INFO - [31m[1mWARNING: This is a development server. Do not use it in a production deployment. Use a production WSGI server instead.[0m
 * Running on http://127.0.0.1:5000
2025-03-28 17:48:03,363 - werkzeug - INFO - [33mPress CTRL+C to quit[0m
2025-03-28 17:48:05,188 - werkzeug - INFO - 127.0.0.1 - - [28/Mar/2025 17:48:05] "GET / HTTP/1.1" 200 -
2025-03-28 17:48:05,270 - werkzeug - INFO - 127.0.0.1 - - [28/Mar/2025 17:48:05] "[36mGET /static/style.css HTTP/1.1[0m" 304 -
2025-03-28 17:48:05,274 - werkzeug - INFO - 127.0.0.1 - - [28/Mar/2025 17:48:05] "[36mGET /static/chatbot.js HTTP/1.1[0m" 304 -
2025-03-28 17:48:05,275 - werkzeug - INFO - 127.0.0.1 - - [28/Mar/2025 17:48:05] "[36mGET /static/bot-icon.png HTTP/1.1[0m" 304 -
2025-03-28 17:48:15,528 - __main__ - INFO - 📥 Input received (first 100 characters): {
  "timestamp": "2023-10-25T18:30:12Z",
  "event_type": "rate_limit_exceeded",
  "severity": "mediu
2025-03-28 17:48:15,528 - __main__ - INFO - Prompt generated (3158 characters)
2025-03-28 17:48:15,528 - __main__ - INFO - Phase prompt generated (3192 characters)
2025-03-28 17:48:15,537 - werkzeug - INFO - 127.0.0.1 - - [28/Mar/2025 17:48:15] "[33mGET /static/user-icon.png HTTP/1.1[0m" 404 -
2025-03-28 17:48:57,151 - __main__ - INFO - Response generated for phase Reconnaissance (3292 characters)
2025-03-28 17:48:57,152 - werkzeug - ERROR - 127.0.0.1 - - [28/Mar/2025 17:48:57] code 400, message Bad request syntax ('*4')
2025-03-28 17:48:57,152 - werkzeug - INFO - 127.0.0.1 - - [28/Mar/2025 17:48:57] "[31m[1m*4[0m" 400 -
2025-03-28 17:48:57,152 - __main__ - ERROR - ❌ Error in generation: Connection closed by server.
Traceback (most recent call last):
  File "/home/vantaggiato/Test_ProgettoVantaggiato/webapp/app.py", line 273, in generate_response
    sse.publish({"response": response, "phase": phase}, type="phase_update")
  File "/home/vantaggiato/Test_ProgettoVantaggiato/venv/lib/python3.11/site-packages/flask_sse.py", line 131, in publish
    return self.redis.publish(channel=channel, message=msg_json)
           ^^^^^^^^^^^^^^^^^^^^^^^^^^^^^^^^^^^^^^^^^^^^^^^^^^^^^
  File "/home/vantaggiato/Test_ProgettoVantaggiato/venv/lib/python3.11/site-packages/redis/commands/core.py", line 5594, in publish
    return self.execute_command("PUBLISH", channel, message, **kwargs)
           ^^^^^^^^^^^^^^^^^^^^^^^^^^^^^^^^^^^^^^^^^^^^^^^^^^^^^^^^^^^
  File "/home/vantaggiato/Test_ProgettoVantaggiato/venv/lib/python3.11/site-packages/redis/client.py", line 559, in execute_command
    return self._execute_command(*args, **options)
           ^^^^^^^^^^^^^^^^^^^^^^^^^^^^^^^^^^^^^^^
  File "/home/vantaggiato/Test_ProgettoVantaggiato/venv/lib/python3.11/site-packages/redis/client.py", line 565, in _execute_command
    conn = self.connection or pool.get_connection(command_name, **options)
                              ^^^^^^^^^^^^^^^^^^^^^^^^^^^^^^^^^^^^^^^^^^^^
  File "/home/vantaggiato/Test_ProgettoVantaggiato/venv/lib/python3.11/site-packages/redis/connection.py", line 1422, in get_connection
    connection.connect()
  File "/home/vantaggiato/Test_ProgettoVantaggiato/venv/lib/python3.11/site-packages/redis/connection.py", line 369, in connect
    self.on_connect()
  File "/home/vantaggiato/Test_ProgettoVantaggiato/venv/lib/python3.11/site-packages/redis/connection.py", line 471, in on_connect
    self.read_response()
  File "/home/vantaggiato/Test_ProgettoVantaggiato/venv/lib/python3.11/site-packages/redis/connection.py", line 592, in read_response
    response = self._parser.read_response(disable_decoding=disable_decoding)
               ^^^^^^^^^^^^^^^^^^^^^^^^^^^^^^^^^^^^^^^^^^^^^^^^^^^^^^^^^^^^^
  File "/home/vantaggiato/Test_ProgettoVantaggiato/venv/lib/python3.11/site-packages/redis/_parsers/resp2.py", line 15, in read_response
    result = self._read_response(disable_decoding=disable_decoding)
             ^^^^^^^^^^^^^^^^^^^^^^^^^^^^^^^^^^^^^^^^^^^^^^^^^^^^^^
  File "/home/vantaggiato/Test_ProgettoVantaggiato/venv/lib/python3.11/site-packages/redis/_parsers/resp2.py", line 25, in _read_response
    raw = self._buffer.readline()
          ^^^^^^^^^^^^^^^^^^^^^^^
  File "/home/vantaggiato/Test_ProgettoVantaggiato/venv/lib/python3.11/site-packages/redis/_parsers/socket.py", line 115, in readline
    self._read_from_socket()
  File "/home/vantaggiato/Test_ProgettoVantaggiato/venv/lib/python3.11/site-packages/redis/_parsers/socket.py", line 68, in _read_from_socket
    raise ConnectionError(SERVER_CLOSED_CONNECTION_ERROR)
redis.exceptions.ConnectionError: Connection closed by server.
2025-03-28 17:48:57,153 - __main__ - INFO - 💽 GPU Memory - Allocated: 8680.56MB, Reserved: 8962.00MB
2025-03-28 17:48:57,154 - werkzeug - INFO - 127.0.0.1 - - [28/Mar/2025 17:48:57] "[35m[1mPOST /get_response HTTP/1.1[0m" 500 -
2025-03-28 17:48:57,219 - werkzeug - INFO - 127.0.0.1 - - [28/Mar/2025 17:48:57] "[36mGET /static/bot-icon.png HTTP/1.1[0m" 304 -
2025-03-28 18:41:40,356 - accelerate.utils.modeling - INFO - We will use 90% of the memory on device 0 for storing the model, and 10% for the buffer to avoid OOM. You can set `max_memory` in to a higher value to use more memory (at your own risk).
2025-03-28 18:41:43,816 - __main__ - INFO - ✅ Model and tokenizer loaded successfully
2025-03-28 18:41:43,816 - __main__ - INFO - 💽 GPU Memory - Allocated: 8665.76MB, Reserved: 8842.00MB
2025-03-28 18:41:43,816 - __main__ - INFO - System prompt loaded. Length: 2838 characters
2025-03-28 18:41:43,817 - __main__ - INFO - 🚀 Pipeline initialized
2025-03-28 18:41:43,817 - __main__ - INFO - 🚀 Starting Flask server...
2025-03-28 18:41:43,818 - werkzeug - INFO - [31m[1mWARNING: This is a development server. Do not use it in a production deployment. Use a production WSGI server instead.[0m
 * Running on http://127.0.0.1:5000
2025-03-28 18:41:43,818 - werkzeug - INFO - [33mPress CTRL+C to quit[0m
2025-03-28 18:41:47,836 - werkzeug - INFO - 127.0.0.1 - - [28/Mar/2025 18:41:47] "GET / HTTP/1.1" 200 -
2025-03-28 18:41:47,999 - werkzeug - INFO - 127.0.0.1 - - [28/Mar/2025 18:41:47] "[36mGET /static/style.css HTTP/1.1[0m" 304 -
2025-03-28 18:41:48,365 - werkzeug - INFO - 127.0.0.1 - - [28/Mar/2025 18:41:48] "[36mGET /static/bot-icon.png HTTP/1.1[0m" 304 -
2025-03-28 18:41:48,427 - werkzeug - INFO - 127.0.0.1 - - [28/Mar/2025 18:41:48] "GET /static/chatbot.js HTTP/1.1" 200 -
2025-03-28 18:41:49,210 - werkzeug - INFO - 127.0.0.1 - - [28/Mar/2025 18:41:49] "[33mGET /favicon.ico HTTP/1.1[0m" 404 -
2025-03-28 18:42:00,507 - werkzeug - INFO - 127.0.0.1 - - [28/Mar/2025 18:42:00] "[33mGET /static/user-icon.png HTTP/1.1[0m" 404 -
2025-03-28 18:42:00,551 - werkzeug - INFO - 127.0.0.1 - - [28/Mar/2025 18:42:00] "[31m[1mGET /get_response?question={%0A%20%20"timestamp":%20"2023-10-25T15:12:33Z",%0A%20%20"event_type":%20"suspicious_login",%0A%20%20"severity":%20"medium",%0A%20%20"source_ip":%20"185.143.223.42",%0A%20%20"username":%20"user123",%0A%20%20"location":%20"Russia",%0A%20%20"previous_location":%20"Italy",%0A%20%20"message":%20"Login%20from%20unusual%20geographic%20location",%0A%20%20"user_agent":%20"Mozilla/5.0%20(X11;%20Linux%20x86_64)%20AppleWebKit/537.36"%0A} HTTP/1.1[0m" 405 -
2025-03-28 18:47:04,125 - accelerate.utils.modeling - INFO - We will use 90% of the memory on device 0 for storing the model, and 10% for the buffer to avoid OOM. You can set `max_memory` in to a higher value to use more memory (at your own risk).
2025-03-28 18:47:07,387 - __main__ - INFO - ✅ Model and tokenizer loaded successfully
2025-03-28 18:47:07,387 - __main__ - INFO - 💽 GPU Memory - Allocated: 8665.76MB, Reserved: 8842.00MB
2025-03-28 18:47:07,388 - __main__ - INFO - System prompt loaded. Length: 2838 characters
2025-03-28 18:47:07,388 - __main__ - INFO - 🚀 Pipeline initialized
2025-03-28 18:47:07,545 - __main__ - INFO - 🚀 Starting Flask server...
2025-03-28 18:47:07,546 - werkzeug - INFO - [31m[1mWARNING: This is a development server. Do not use it in a production deployment. Use a production WSGI server instead.[0m
 * Running on http://127.0.0.1:5000
2025-03-28 18:47:07,546 - werkzeug - INFO - [33mPress CTRL+C to quit[0m
2025-03-28 18:47:13,835 - werkzeug - INFO - 127.0.0.1 - - [28/Mar/2025 18:47:13] "GET / HTTP/1.1" 200 -
2025-03-28 18:47:13,949 - werkzeug - INFO - 127.0.0.1 - - [28/Mar/2025 18:47:13] "[36mGET /static/style.css HTTP/1.1[0m" 304 -
2025-03-28 18:47:14,151 - werkzeug - INFO - 127.0.0.1 - - [28/Mar/2025 18:47:14] "[36mGET /static/bot-icon.png HTTP/1.1[0m" 304 -
2025-03-28 18:47:14,283 - werkzeug - INFO - 127.0.0.1 - - [28/Mar/2025 18:47:14] "GET /static/chatbot.js HTTP/1.1" 200 -
2025-03-28 18:47:28,539 - werkzeug - INFO - 127.0.0.1 - - [28/Mar/2025 18:47:28] "[33mGET /static/user-icon.png HTTP/1.1[0m" 404 -
2025-03-28 18:47:28,560 - __main__ - INFO - 📥 SSE Input received (first 100 chars): {
  "timestamp": "2023-10-25T14:30:45Z",
  "event_type": "security_alert",
  "severity": "critical",...
2025-03-28 18:47:28,561 - __main__ - INFO - Generating response for phase: Reconnaissance
2025-03-28 18:47:39,802 - __main__ - INFO - ✅ Generated response for Reconnaissance (1489 chars)
2025-03-28 18:47:39,806 - werkzeug - INFO - 127.0.0.1 - - [28/Mar/2025 18:47:39] "GET /get_response_stream?question={%0A%20%20"timestamp":%20"2023-10-25T14:30:45Z",%0A%20%20"event_type":%20"security_alert",%0A%20%20"severity":%20"critical",%0A%20%20"source_ip":%20"45.227.253.109",%0A%20%20"request_path":%20"/login.php",%0A%20%20"payload":%20"'%20OR%20'1'%3D'1%20--%20-",%0A%20%20"message":%20"Possible%20SQL%20Injection%20detected",%0A%20%20"action_taken":%20"request_blocked"%0A} HTTP/1.1" 200 -
2025-03-28 18:47:39,912 - __main__ - INFO - Generating response for phase: Resource Development
2025-03-28 18:47:49,760 - __main__ - INFO - ✅ Generated response for Resource Development (1398 chars)
2025-03-28 18:47:49,866 - __main__ - INFO - Generating response for phase: Initial Access
2025-03-28 18:47:54,691 - __main__ - INFO - ✅ Generated response for Initial Access (627 chars)
2025-03-28 18:47:54,796 - __main__ - INFO - Generating response for phase: Execution
2025-03-28 18:48:04,076 - __main__ - INFO - ✅ Generated response for Execution (1185 chars)
2025-03-28 18:48:04,181 - __main__ - INFO - Generating response for phase: Persistence
2025-03-28 18:48:08,801 - __main__ - INFO - ✅ Generated response for Persistence (698 chars)
2025-03-28 18:48:08,906 - __main__ - INFO - Generating response for phase: Privilege Escalation
2025-03-28 18:48:13,772 - __main__ - INFO - ✅ Generated response for Privilege Escalation (742 chars)
2025-03-28 18:48:13,878 - __main__ - INFO - Generating response for phase: Defense Evasion
2025-03-28 18:48:23,232 - __main__ - INFO - ✅ Generated response for Defense Evasion (1080 chars)
2025-03-28 18:48:23,338 - __main__ - INFO - Generating response for phase: Credential Access
2025-03-28 18:48:32,519 - __main__ - INFO - ✅ Generated response for Credential Access (1095 chars)
2025-03-28 18:48:32,625 - __main__ - INFO - Generating response for phase: Discovery
2025-03-28 18:48:35,786 - __main__ - INFO - ✅ Generated response for Discovery (466 chars)
2025-03-28 18:48:35,891 - __main__ - INFO - Generating response for phase: Lateral Movement
2025-03-28 18:48:41,845 - __main__ - INFO - ✅ Generated response for Lateral Movement (756 chars)
2025-03-28 18:48:41,951 - __main__ - INFO - Generating response for phase: Collection
2025-03-28 18:49:21,848 - __main__ - INFO - ✅ Generated response for Collection (4304 chars)
2025-03-28 18:49:22,010 - __main__ - INFO - Generating response for phase: Command and Control
2025-03-28 18:49:26,916 - __main__ - INFO - ✅ Generated response for Command and Control (686 chars)
2025-03-28 18:49:27,022 - __main__ - INFO - Generating response for phase: Exfiltration
2025-03-28 18:49:30,638 - __main__ - INFO - ✅ Generated response for Exfiltration (495 chars)
2025-03-28 18:49:30,744 - __main__ - INFO - Generating response for phase: Impact
2025-03-28 18:49:37,130 - __main__ - INFO - ✅ Generated response for Impact (928 chars)
2025-03-28 18:49:37,230 - __main__ - INFO - 💾 Saved to CSV: Q[284] -> A[26]
2025-03-28 18:49:37,496 - werkzeug - INFO - 127.0.0.1 - - [28/Mar/2025 18:49:37] "[36mGET /static/bot-icon.png HTTP/1.1[0m" 304 -
2025-03-29 09:11:01,282 - accelerate.utils.modeling - INFO - We will use 90% of the memory on device 0 for storing the model, and 10% for the buffer to avoid OOM. You can set `max_memory` in to a higher value to use more memory (at your own risk).
2025-03-29 09:11:05,115 - __main__ - INFO - ✅ Model and tokenizer loaded successfully
2025-03-29 09:11:05,115 - __main__ - INFO - 💽 GPU Memory - Allocated: 8665.76MB, Reserved: 8842.00MB
2025-03-29 09:11:05,115 - __main__ - INFO - System prompt loaded. Length: 2838 characters
2025-03-29 09:11:05,116 - __main__ - INFO - 🚀 Pipeline initialized with max_length=1024
2025-03-29 09:11:05,116 - __main__ - INFO - 🚀 Production mode active
2025-03-29 09:11:05,116 - __main__ - INFO - 🚀 Starting Flask server...
2025-03-29 09:11:05,117 - werkzeug - INFO - [31m[1mWARNING: This is a development server. Do not use it in a production deployment. Use a production WSGI server instead.[0m
 * Running on http://127.0.0.1:5000
2025-03-29 09:11:05,117 - werkzeug - INFO - [33mPress CTRL+C to quit[0m
2025-03-29 09:11:09,837 - werkzeug - INFO - 127.0.0.1 - - [29/Mar/2025 09:11:09] "GET / HTTP/1.1" 200 -
2025-03-29 09:11:09,932 - werkzeug - INFO - 127.0.0.1 - - [29/Mar/2025 09:11:09] "[36mGET /static/style.css HTTP/1.1[0m" 304 -
2025-03-29 09:11:10,124 - werkzeug - INFO - 127.0.0.1 - - [29/Mar/2025 09:11:10] "[36mGET /static/bot-icon.png HTTP/1.1[0m" 304 -
2025-03-29 09:11:10,174 - werkzeug - INFO - 127.0.0.1 - - [29/Mar/2025 09:11:10] "GET /static/chatbot.js HTTP/1.1" 200 -
2025-03-29 09:11:17,035 - __main__ - INFO - 📥 Input received (first 100 characters): hi!
2025-03-29 09:11:17,035 - __main__ - INFO - 💽 GPU Memory - Allocated: 8665.76MB, Reserved: 8842.00MB
2025-03-29 09:11:17,043 - __main__ - INFO - 💾 Saved to CSV: Q[3] -> A[79]
2025-03-29 09:11:17,044 - werkzeug - INFO - 127.0.0.1 - - [29/Mar/2025 09:11:17] "POST /get_response HTTP/1.1" 200 -
2025-03-29 09:11:17,059 - werkzeug - INFO - 127.0.0.1 - - [29/Mar/2025 09:11:17] "[33mGET /static/user-icon.png HTTP/1.1[0m" 404 -
2025-03-29 09:11:23,504 - werkzeug - INFO - 127.0.0.1 - - [29/Mar/2025 09:11:23] "[33mGET /static/user-icon.png HTTP/1.1[0m" 404 -
2025-03-29 09:11:23,505 - __main__ - INFO - 📥 Input received (first 100 characters): {
  "timestamp": "2025-03-28T11:42:33Z",
  "event_type": "Multiple Failed Logins",
  "source_ip": "1
2025-03-29 09:11:23,505 - __main__ - INFO - Prompt generated (3085 characters)
2025-03-29 09:11:25,637 - __main__ - INFO - Response generated (283 characters)
2025-03-29 09:11:25,637 - __main__ - INFO - 💽 GPU Memory - Allocated: 8679.83MB, Reserved: 8926.00MB
2025-03-29 09:11:25,637 - __main__ - INFO - 💾 Saved to CSV: Q[207] -> A[283]
2025-03-29 09:11:25,638 - werkzeug - INFO - 127.0.0.1 - - [29/Mar/2025 09:11:25] "POST /get_response HTTP/1.1" 200 -
2025-03-29 09:36:04,972 - accelerate.utils.modeling - INFO - We will use 90% of the memory on device 0 for storing the model, and 10% for the buffer to avoid OOM. You can set `max_memory` in to a higher value to use more memory (at your own risk).
2025-03-29 09:37:26,547 - __main__ - INFO - ✅ Model and tokenizer loaded successfully
2025-03-29 09:37:26,547 - __main__ - INFO - 💽 GPU Memory - Allocated: 8665.76MB, Reserved: 8842.00MB
2025-03-29 09:37:26,559 - __main__ - INFO - System prompt loaded. Length: 4393 characters
2025-03-29 09:37:26,559 - __main__ - INFO - 🚀 Pipeline initialized with max_length=1024
2025-03-29 09:37:26,560 - __main__ - INFO - 🚀 Production mode active
2025-03-29 09:37:26,560 - __main__ - INFO - 🚀 Starting Flask server...
2025-03-29 09:37:26,594 - werkzeug - INFO - [31m[1mWARNING: This is a development server. Do not use it in a production deployment. Use a production WSGI server instead.[0m
 * Running on http://127.0.0.1:5000
2025-03-29 09:37:26,594 - werkzeug - INFO - [33mPress CTRL+C to quit[0m
2025-03-29 09:37:30,951 - werkzeug - INFO - 127.0.0.1 - - [29/Mar/2025 09:37:30] "GET / HTTP/1.1" 200 -
2025-03-29 09:37:31,105 - werkzeug - INFO - 127.0.0.1 - - [29/Mar/2025 09:37:31] "[36mGET /static/style.css HTTP/1.1[0m" 304 -
2025-03-29 09:37:31,206 - werkzeug - INFO - 127.0.0.1 - - [29/Mar/2025 09:37:31] "[36mGET /static/bot-icon.png HTTP/1.1[0m" 304 -
2025-03-29 09:37:31,252 - werkzeug - INFO - 127.0.0.1 - - [29/Mar/2025 09:37:31] "[36mGET /static/chatbot.js HTTP/1.1[0m" 304 -
2025-03-29 09:37:38,812 - werkzeug - INFO - 127.0.0.1 - - [29/Mar/2025 09:37:38] "[33mGET /static/user-icon.png HTTP/1.1[0m" 404 -
2025-03-29 09:37:38,846 - __main__ - INFO - 📥 Input received (first 500 characters): hi
2025-03-29 09:37:38,847 - __main__ - INFO - 💽 GPU Memory - Allocated: 8665.76MB, Reserved: 8842.00MB
2025-03-29 09:37:38,968 - __main__ - INFO - 💾 Saved to CSV: Q[2] -> A[79]
2025-03-29 09:37:38,969 - werkzeug - INFO - 127.0.0.1 - - [29/Mar/2025 09:37:38] "POST /get_response HTTP/1.1" 200 -
2025-03-29 09:37:41,562 - werkzeug - INFO - 127.0.0.1 - - [29/Mar/2025 09:37:41] "[33mGET /static/user-icon.png HTTP/1.1[0m" 404 -
2025-03-29 09:37:41,563 - __main__ - INFO - 📥 Input received (first 500 characters): {
  "timestamp": "2023-11-15T10:23:45Z",
  "source_ip": "192.168.1.100",
  "destination_ip": "10.0.0.10",
  "service": "ssh",
  "username": "admin",
  "event_type": "authentication_failure",
  "message": "Failed password for invalid user 'admin'",
  "protocol": "TCP",
  "port": 22,
  "severity": "high"
}
2025-03-29 09:37:41,563 - __main__ - INFO - Prompt generated (4738 characters)
2025-03-29 09:37:44,811 - __main__ - INFO - Response generated (189 characters)
2025-03-29 09:37:44,811 - __main__ - INFO - 💽 GPU Memory - Allocated: 8680.61MB, Reserved: 9042.00MB
2025-03-29 09:37:44,812 - __main__ - INFO - 💾 Saved to CSV: Q[305] -> A[189]
2025-03-29 09:37:44,812 - werkzeug - INFO - 127.0.0.1 - - [29/Mar/2025 09:37:44] "POST /get_response HTTP/1.1" 200 -
2025-03-29 09:41:07,215 - accelerate.utils.modeling - INFO - We will use 90% of the memory on device 0 for storing the model, and 10% for the buffer to avoid OOM. You can set `max_memory` in to a higher value to use more memory (at your own risk).
2025-03-29 09:41:10,574 - __main__ - INFO - ✅ Model and tokenizer loaded successfully
2025-03-29 09:41:10,574 - __main__ - INFO - 💽 GPU Memory - Allocated: 8665.76MB, Reserved: 8842.00MB
2025-03-29 09:41:10,574 - __main__ - INFO - System prompt loaded. Length: 4393 characters
2025-03-29 09:41:10,575 - __main__ - INFO - 🚀 Pipeline initialized with max_length=1024
2025-03-29 09:41:10,575 - __main__ - INFO - 🚀 Production mode active
2025-03-29 09:41:10,575 - __main__ - INFO - 🚀 Starting Flask server...
2025-03-29 09:41:10,576 - werkzeug - INFO - [31m[1mWARNING: This is a development server. Do not use it in a production deployment. Use a production WSGI server instead.[0m
 * Running on http://127.0.0.1:5000
2025-03-29 09:41:10,576 - werkzeug - INFO - [33mPress CTRL+C to quit[0m
2025-03-29 09:41:13,303 - werkzeug - INFO - 127.0.0.1 - - [29/Mar/2025 09:41:13] "GET / HTTP/1.1" 200 -
2025-03-29 09:41:13,383 - werkzeug - INFO - 127.0.0.1 - - [29/Mar/2025 09:41:13] "[36mGET /static/style.css HTTP/1.1[0m" 304 -
2025-03-29 09:41:13,562 - werkzeug - INFO - 127.0.0.1 - - [29/Mar/2025 09:41:13] "[36mGET /static/bot-icon.png HTTP/1.1[0m" 304 -
2025-03-29 09:41:13,607 - werkzeug - INFO - 127.0.0.1 - - [29/Mar/2025 09:41:13] "[36mGET /static/chatbot.js HTTP/1.1[0m" 304 -
2025-03-29 09:41:15,452 - werkzeug - INFO - 127.0.0.1 - - [29/Mar/2025 09:41:15] "[33mGET /static/user-icon.png HTTP/1.1[0m" 404 -
2025-03-29 09:41:15,452 - __main__ - INFO - 📥 Input received (first 500 characters): hi
2025-03-29 09:41:15,453 - __main__ - INFO - 💽 GPU Memory - Allocated: 8665.76MB, Reserved: 8842.00MB
2025-03-29 09:41:15,457 - __main__ - INFO - 💾 Saved to CSV: Q[2] -> A[79]
2025-03-29 09:41:15,458 - werkzeug - INFO - 127.0.0.1 - - [29/Mar/2025 09:41:15] "POST /get_response HTTP/1.1" 200 -
2025-03-29 09:41:23,997 - werkzeug - INFO - 127.0.0.1 - - [29/Mar/2025 09:41:23] "[33mGET /static/user-icon.png HTTP/1.1[0m" 404 -
2025-03-29 09:41:24,032 - __main__ - INFO - 📥 Input received (first 500 characters): {
  "timestamp": "2023-11-15T10:23:45Z",
  "source_ip": "192.168.1.100",
  "destination_ip": "10.0.0.10",
  "service": "ssh",
  "username": "admin",
  "event_type": "authentication_failure",
  "message": "Failed password for invalid user 'admin'",
  "protocol": "TCP",
  "port": 22,
  "severity": "high"
}
2025-03-29 09:41:24,032 - __main__ - INFO - Prompt generated (4738 characters)
2025-03-29 09:41:25,810 - __main__ - INFO - 💽 GPU Memory - Allocated: 8680.13MB, Reserved: 9042.00MB
2025-03-29 09:41:25,810 - __main__ - INFO - 💾 Saved to CSV: Q[305] -> A[77]
2025-03-29 09:41:25,810 - werkzeug - INFO - 127.0.0.1 - - [29/Mar/2025 09:41:25] "POST /get_response HTTP/1.1" 200 -
2025-03-29 09:41:38,682 - werkzeug - INFO - 127.0.0.1 - - [29/Mar/2025 09:41:38] "[33mGET /static/user-icon.png HTTP/1.1[0m" 404 -
2025-03-29 09:41:38,686 - __main__ - INFO - 📥 Input received (first 500 characters): {
  "timestamp": "2023-11-15T10:23:45Z",
  "source_ip": "192.168.1.100",
  "destination_ip": "10.0.0.10",
  "service": "ssh",
  "username": "admin",
  "event_type": "authentication_failure",
  "message": "Failed password for invalid user 'admin'",
  "protocol": "TCP",
  "port": 22,
  "severity": "high"
}
2025-03-29 09:41:38,686 - __main__ - INFO - Prompt generated (4738 characters)
2025-03-29 09:41:40,882 - __main__ - INFO - 💽 GPU Memory - Allocated: 8679.77MB, Reserved: 9072.00MB
2025-03-29 09:41:40,882 - __main__ - INFO - 💾 Saved to CSV: Q[305] -> A[77]
2025-03-29 09:41:40,882 - werkzeug - INFO - 127.0.0.1 - - [29/Mar/2025 09:41:40] "POST /get_response HTTP/1.1" 200 -
2025-03-29 09:47:21,754 - accelerate.utils.modeling - INFO - We will use 90% of the memory on device 0 for storing the model, and 10% for the buffer to avoid OOM. You can set `max_memory` in to a higher value to use more memory (at your own risk).
2025-03-29 09:47:25,531 - __main__ - INFO - ✅ Model and tokenizer loaded successfully
2025-03-29 09:47:25,531 - __main__ - INFO - 💽 GPU Memory - Allocated: 8665.76MB, Reserved: 8842.00MB
2025-03-29 09:47:25,531 - __main__ - INFO - System prompt loaded. Length: 4393 characters
2025-03-29 09:47:25,532 - __main__ - INFO - 🚀 Pipeline initialized with max_length=1024
2025-03-29 09:47:25,532 - __main__ - INFO - 🚀 Production mode active
2025-03-29 09:47:25,532 - __main__ - INFO - 🚀 Starting Flask server...
2025-03-29 09:47:25,533 - werkzeug - INFO - [31m[1mWARNING: This is a development server. Do not use it in a production deployment. Use a production WSGI server instead.[0m
 * Running on http://127.0.0.1:5000
2025-03-29 09:47:25,533 - werkzeug - INFO - [33mPress CTRL+C to quit[0m
2025-03-29 09:47:28,282 - werkzeug - INFO - 127.0.0.1 - - [29/Mar/2025 09:47:28] "GET / HTTP/1.1" 200 -
2025-03-29 09:47:28,358 - werkzeug - INFO - 127.0.0.1 - - [29/Mar/2025 09:47:28] "[36mGET /static/style.css HTTP/1.1[0m" 304 -
2025-03-29 09:47:28,541 - werkzeug - INFO - 127.0.0.1 - - [29/Mar/2025 09:47:28] "[36mGET /static/chatbot.js HTTP/1.1[0m" 304 -
2025-03-29 09:47:28,581 - werkzeug - INFO - 127.0.0.1 - - [29/Mar/2025 09:47:28] "[36mGET /static/bot-icon.png HTTP/1.1[0m" 304 -
2025-03-29 09:47:35,811 - __main__ - INFO - 📥 Input received (first 500 characters): hi
2025-03-29 09:47:35,812 - __main__ - INFO - 💽 GPU Memory - Allocated: 8665.76MB, Reserved: 8842.00MB
2025-03-29 09:47:35,813 - werkzeug - INFO - 127.0.0.1 - - [29/Mar/2025 09:47:35] "[33mGET /static/user-icon.png HTTP/1.1[0m" 404 -
2025-03-29 09:47:35,817 - __main__ - INFO - 💾 Saved to CSV: Q[2] -> A[79]
2025-03-29 09:47:35,817 - werkzeug - INFO - 127.0.0.1 - - [29/Mar/2025 09:47:35] "POST /get_response HTTP/1.1" 200 -
2025-03-29 09:47:41,383 - werkzeug - INFO - 127.0.0.1 - - [29/Mar/2025 09:47:41] "[33mGET /static/user-icon.png HTTP/1.1[0m" 404 -
2025-03-29 09:47:41,384 - __main__ - INFO - 📥 Input received (first 500 characters): {
  "timestamp": "2023-11-15T10:23:45Z",
  "source_ip": "192.168.1.100",
  "destination_ip": "10.0.0.10",
  "service": "ssh",
  "username": "admin",
  "event_type": "authentication_failure",
  "message": "Failed password for invalid user 'admin'",
  "protocol": "TCP",
  "port": 22,
  "severity": "high"
}
2025-03-29 09:47:41,384 - __main__ - INFO - Prompt generated (4738 characters)
2025-03-29 09:47:47,193 - __main__ - WARNING - Validation failed: Missing information for phase 'Reconnaissance'
2025-03-29 09:47:47,193 - __main__ - WARNING - Attempt 1 failed validation. Retrying...
2025-03-29 09:47:47,193 - __main__ - INFO - Prompt generated (4738 characters)
2025-03-29 09:47:48,198 - __main__ - WARNING - Validation failed: Missing information for phase 'Reconnaissance'
2025-03-29 09:47:48,198 - __main__ - WARNING - Attempt 2 failed validation. Retrying...
2025-03-29 09:47:48,198 - __main__ - INFO - Prompt generated (4738 characters)
2025-03-29 09:48:28,667 - __main__ - WARNING - Validation failed: Missing information for phase 'Reconnaissance'
2025-03-29 09:48:28,667 - __main__ - WARNING - Attempt 3 failed validation. Retrying...
2025-03-29 09:48:28,667 - __main__ - ERROR - ❌ Max retries exceeded. Failed to generate a valid response.
2025-03-29 09:48:28,667 - __main__ - INFO - 💽 GPU Memory - Allocated: 8680.44MB, Reserved: 9074.00MB
2025-03-29 09:48:28,668 - __main__ - INFO - 💾 Saved to CSV: Q[305] -> A[84]
2025-03-29 09:48:28,668 - werkzeug - INFO - 127.0.0.1 - - [29/Mar/2025 09:48:28] "POST /get_response HTTP/1.1" 200 -
2025-04-01 11:47:46,859 - chatbot - INFO - ChatBot initialized with system prompt
2025-04-01 11:47:46,907 - __main__ - INFO - Starting application...
2025-04-01 11:47:46,908 - werkzeug - INFO - [31m[1mWARNING: This is a development server. Do not use it in a production deployment. Use a production WSGI server instead.[0m
 * Running on http://127.0.0.1:5000
2025-04-01 11:47:46,908 - werkzeug - INFO - [33mPress CTRL+C to quit[0m
2025-04-01 11:47:46,909 - werkzeug - INFO -  * Restarting with stat
2025-04-01 11:47:48,193 - chatbot - INFO - ChatBot initialized with system prompt
2025-04-01 11:47:48,194 - __main__ - INFO - Starting application...
2025-04-01 11:47:48,195 - werkzeug - WARNING -  * Debugger is active!
2025-04-01 11:47:48,195 - werkzeug - INFO -  * Debugger PIN: 268-954-546
2025-04-01 11:47:51,150 - __main__ - INFO - Serving home page
2025-04-01 11:47:51,151 - werkzeug - INFO - 127.0.0.1 - - [01/Apr/2025 11:47:51] "GET / HTTP/1.1" 200 -
2025-04-01 11:47:51,199 - werkzeug - INFO - 127.0.0.1 - - [01/Apr/2025 11:47:51] "[36mGET /static/style.css HTTP/1.1[0m" 304 -
2025-04-01 11:47:51,234 - werkzeug - INFO - 127.0.0.1 - - [01/Apr/2025 11:47:51] "GET /static/chatbot.js HTTP/1.1" 200 -
2025-04-01 11:47:51,235 - werkzeug - INFO - 127.0.0.1 - - [01/Apr/2025 11:47:51] "[36mGET /static/bot-icon.png HTTP/1.1[0m" 304 -
2025-04-01 11:48:01,533 - werkzeug - INFO - 127.0.0.1 - - [01/Apr/2025 11:48:01] "[36mGET /static/user-icon.png HTTP/1.1[0m" 304 -
2025-04-01 11:48:01,543 - __main__ - INFO - New request at 2025-04-01 11:48:01.543772
2025-04-01 11:48:01,543 - __main__ - INFO - Processing input with chatbot...
2025-04-01 11:48:01,543 - chatbot - INFO - Processing input (history: 0 chars, input: 2 chars)
2025-04-01 11:48:01,543 - chatbot - INFO - Loading model (first call)...
2025-04-01 11:48:01,544 - chatbot - INFO - Loading model and tokenizer...
2025-04-01 11:48:02,331 - accelerate.utils.modeling - INFO - We will use 90% of the memory on device 0 for storing the model, and 10% for the buffer to avoid OOM. You can set `max_memory` in to a higher value to use more memory (at your own risk).
2025-04-01 11:48:05,701 - chatbot - INFO - ✅ Model and tokenizer loaded successfully
2025-04-01 11:48:05,701 - chatbot - INFO - GPU Memory - Total: 25.32GB, Allocated: 9.09GB, Free: 0.18GB
2025-04-01 11:48:17,423 - chatbot - WARNING - Invalid format detected. Original response: , I have some security concerns  
> 💬 Hi there, no specific issue shared, so I'll provide general tips. What's on your mind?  ``` ``` ``` ``` ``` ``` ``` ``` ``` ``` ``` ``` ``` ``` ``` ``` ``` ``` ``...
2025-04-01 11:48:17,423 - chatbot - WARNING - Generating fallback response
2025-04-01 11:48:17,423 - __main__ - INFO - Request completed in 15.88 seconds
2025-04-01 11:48:17,424 - werkzeug - INFO - 127.0.0.1 - - [01/Apr/2025 11:48:17] "POST /get_response HTTP/1.1" 200 -
2025-04-01 11:52:25,540 - chatbot - INFO - ChatBot initialized with system prompt
2025-04-01 11:52:25,540 - __main__ - INFO - Starting application...
2025-04-01 11:52:25,542 - werkzeug - INFO - [31m[1mWARNING: This is a development server. Do not use it in a production deployment. Use a production WSGI server instead.[0m
 * Running on http://127.0.0.1:5000
2025-04-01 11:52:25,542 - werkzeug - INFO - [33mPress CTRL+C to quit[0m
2025-04-01 11:52:25,542 - werkzeug - INFO -  * Restarting with stat
2025-04-01 11:52:26,860 - chatbot - INFO - ChatBot initialized with system prompt
2025-04-01 11:52:26,860 - __main__ - INFO - Starting application...
2025-04-01 11:52:26,862 - werkzeug - WARNING -  * Debugger is active!
2025-04-01 11:52:26,862 - werkzeug - INFO -  * Debugger PIN: 268-954-546
2025-04-01 11:52:29,258 - __main__ - INFO - Serving home page
2025-04-01 11:52:29,260 - werkzeug - INFO - 127.0.0.1 - - [01/Apr/2025 11:52:29] "GET / HTTP/1.1" 200 -
2025-04-01 11:52:29,334 - werkzeug - INFO - 127.0.0.1 - - [01/Apr/2025 11:52:29] "[36mGET /static/style.css HTTP/1.1[0m" 304 -
2025-04-01 11:52:29,424 - werkzeug - INFO - 127.0.0.1 - - [01/Apr/2025 11:52:29] "[36mGET /static/bot-icon.png HTTP/1.1[0m" 304 -
2025-04-01 11:52:29,443 - werkzeug - INFO - 127.0.0.1 - - [01/Apr/2025 11:52:29] "[36mGET /static/chatbot.js HTTP/1.1[0m" 304 -
2025-04-01 11:52:31,932 - __main__ - INFO - New request at 2025-04-01 11:52:31.932610
2025-04-01 11:52:31,932 - __main__ - INFO - Processing input with chatbot...
2025-04-01 11:52:31,932 - chatbot - INFO - Processing input (history: 0 chars, input: 2 chars)
2025-04-01 11:52:31,932 - chatbot - INFO - Loading model (first call)...
2025-04-01 11:52:31,932 - chatbot - INFO - Loading model and tokenizer...
2025-04-01 11:52:31,940 - werkzeug - INFO - 127.0.0.1 - - [01/Apr/2025 11:52:31] "[36mGET /static/user-icon.png HTTP/1.1[0m" 304 -
2025-04-01 11:52:32,678 - accelerate.utils.modeling - INFO - We will use 90% of the memory on device 0 for storing the model, and 10% for the buffer to avoid OOM. You can set `max_memory` in to a higher value to use more memory (at your own risk).
2025-04-01 11:52:35,998 - chatbot - INFO - ✅ Model and tokenizer loaded successfully
2025-04-01 11:52:35,998 - chatbot - INFO - GPU Memory - Total: 25.32GB, Allocated: 9.09GB, Free: 0.18GB
2025-04-01 11:52:37,279 - __main__ - INFO - Request completed in 5.35 seconds
2025-04-01 11:52:37,279 - werkzeug - INFO - 127.0.0.1 - - [01/Apr/2025 11:52:37] "POST /get_response HTTP/1.1" 200 -
2025-04-01 12:02:32,656 - chatbot - INFO - ChatBot initialized with system prompt
2025-04-01 12:02:32,657 - __main__ - INFO - Starting application...
2025-04-01 12:02:32,659 - werkzeug - INFO - [31m[1mWARNING: This is a development server. Do not use it in a production deployment. Use a production WSGI server instead.[0m
 * Running on http://127.0.0.1:5000
2025-04-01 12:02:32,659 - werkzeug - INFO - [33mPress CTRL+C to quit[0m
2025-04-01 12:02:32,659 - werkzeug - INFO -  * Restarting with stat
2025-04-01 12:02:34,000 - chatbot - INFO - ChatBot initialized with system prompt
2025-04-01 12:02:34,001 - __main__ - INFO - Starting application...
2025-04-01 12:02:34,002 - werkzeug - WARNING -  * Debugger is active!
2025-04-01 12:02:34,002 - werkzeug - INFO -  * Debugger PIN: 268-954-546
2025-04-01 12:02:39,920 - __main__ - INFO - Serving home page
2025-04-01 12:02:39,921 - werkzeug - INFO - 127.0.0.1 - - [01/Apr/2025 12:02:39] "GET / HTTP/1.1" 200 -
2025-04-01 12:02:40,051 - werkzeug - INFO - 127.0.0.1 - - [01/Apr/2025 12:02:40] "[36mGET /static/style.css HTTP/1.1[0m" 304 -
2025-04-01 12:02:40,310 - werkzeug - INFO - 127.0.0.1 - - [01/Apr/2025 12:02:40] "[36mGET /static/bot-icon.png HTTP/1.1[0m" 304 -
2025-04-01 12:02:40,310 - werkzeug - INFO - 127.0.0.1 - - [01/Apr/2025 12:02:40] "GET /static/chatbot.js HTTP/1.1" 200 -
2025-04-01 12:02:44,277 - werkzeug - INFO - 127.0.0.1 - - [01/Apr/2025 12:02:44] "[36mGET /static/user-icon.png HTTP/1.1[0m" 304 -
2025-04-01 12:02:44,283 - __main__ - INFO - New request at 2025-04-01 12:02:44.283510
2025-04-01 12:02:44,283 - __main__ - INFO - Processing input with chatbot...
2025-04-01 12:02:44,283 - chatbot - INFO - Processing input (history: 0 chars, input: 2 chars)
2025-04-01 12:02:44,283 - chatbot - INFO - Loading model (first call)...
2025-04-01 12:02:44,283 - chatbot - INFO - Loading model and tokenizer...
2025-04-01 12:02:46,697 - accelerate.utils.modeling - INFO - We will use 90% of the memory on device 0 for storing the model, and 10% for the buffer to avoid OOM. You can set `max_memory` in to a higher value to use more memory (at your own risk).
2025-04-01 12:02:50,284 - chatbot - INFO - ✅ Model and tokenizer loaded successfully
2025-04-01 12:02:50,285 - chatbot - INFO - GPU Memory - Total: 25.32GB, Allocated: 9.09GB, Free: 0.18GB
2025-04-01 12:02:51,868 - __main__ - INFO - Request completed in 7.58 seconds
2025-04-01 12:02:51,868 - werkzeug - INFO - 127.0.0.1 - - [01/Apr/2025 12:02:51] "POST /get_response HTTP/1.1" 200 -
2025-04-01 12:04:48,466 - werkzeug - INFO -  * Detected change in '/home/vantaggiato/Test_ProgettoVantaggiato/webapp/chatbot_model.py', reloading
2025-04-01 12:04:48,953 - werkzeug - INFO -  * Restarting with stat
2025-04-01 12:04:50,294 - chatbot - INFO - ChatBot initialized with system prompt
2025-04-01 12:04:50,294 - __main__ - INFO - Starting application...
2025-04-01 12:04:50,296 - werkzeug - WARNING -  * Debugger is active!
2025-04-01 12:04:50,296 - werkzeug - INFO -  * Debugger PIN: 268-954-546
2025-04-01 12:05:21,556 - werkzeug - INFO -  * Detected change in '/home/vantaggiato/Test_ProgettoVantaggiato/webapp/chatbot_model.py', reloading
2025-04-01 12:05:21,839 - werkzeug - INFO -  * Restarting with stat
2025-04-01 12:11:16,856 - chatbot - INFO - ChatBot initialized with system prompt
2025-04-01 12:11:16,856 - __main__ - INFO - Avvio dell'applicazione...
2025-04-01 12:11:16,858 - werkzeug - INFO - [31m[1mWARNING: This is a development server. Do not use it in a production deployment. Use a production WSGI server instead.[0m
 * Running on http://127.0.0.1:5000
2025-04-01 12:11:16,858 - werkzeug - INFO - [33mPress CTRL+C to quit[0m
2025-04-01 12:11:16,858 - werkzeug - INFO -  * Restarting with stat
2025-04-01 12:11:18,180 - chatbot - INFO - ChatBot initialized with system prompt
2025-04-01 12:11:18,180 - __main__ - INFO - Avvio dell'applicazione...
2025-04-01 12:11:18,182 - werkzeug - WARNING -  * Debugger is active!
2025-04-01 12:11:18,182 - werkzeug - INFO -  * Debugger PIN: 268-954-546
2025-04-01 12:11:23,007 - __main__ - INFO - Richiesta alla home page
2025-04-01 12:11:23,009 - werkzeug - INFO - 127.0.0.1 - - [01/Apr/2025 12:11:23] "GET / HTTP/1.1" 200 -
2025-04-01 12:11:23,069 - werkzeug - INFO - 127.0.0.1 - - [01/Apr/2025 12:11:23] "[36mGET /static/style.css HTTP/1.1[0m" 304 -
2025-04-01 12:11:23,121 - werkzeug - INFO - 127.0.0.1 - - [01/Apr/2025 12:11:23] "[36mGET /static/bot-icon.png HTTP/1.1[0m" 304 -
2025-04-01 12:11:23,130 - werkzeug - INFO - 127.0.0.1 - - [01/Apr/2025 12:11:23] "[36mGET /static/chatbot.js HTTP/1.1[0m" 304 -
2025-04-01 12:11:26,551 - werkzeug - INFO - 127.0.0.1 - - [01/Apr/2025 12:11:26] "[36mGET /static/user-icon.png HTTP/1.1[0m" 304 -
2025-04-01 12:11:26,557 - __main__ - INFO - Nuova richiesta a /get_response
2025-04-01 12:11:26,557 - __main__ - INFO - Elaborazione input con chatbot...
2025-04-01 12:11:26,557 - chatbot - INFO - Processing input (history: 0 chars, input: 2 chars)
2025-04-01 12:11:26,557 - chatbot - INFO - Loading model (first call)...
2025-04-01 12:11:26,557 - chatbot - INFO - Loading model and tokenizer...
2025-04-01 12:11:27,229 - accelerate.utils.modeling - INFO - We will use 90% of the memory on device 0 for storing the model, and 10% for the buffer to avoid OOM. You can set `max_memory` in to a higher value to use more memory (at your own risk).
2025-04-01 12:11:30,436 - chatbot - INFO - ✅ Model and tokenizer loaded successfully
2025-04-01 12:11:30,437 - chatbot - INFO - GPU Memory - Total: 25.32GB, Allocated: 9.09GB, Free: 0.18GB
2025-04-01 12:11:41,794 - chatbot - ERROR - Generation failed: Invalid format
2025-04-01 12:11:41,794 - __main__ - ERROR - Errore durante l'elaborazione: ChatBot._generate_fallback_response() missing 1 required positional argument: 'is_technical'
Traceback (most recent call last):
  File "/home/vantaggiato/Test_ProgettoVantaggiato/webapp/chatbot_model.py", line 107, in generate_response
    raise ValueError("Invalid format")
ValueError: Invalid format

During handling of the above exception, another exception occurred:

Traceback (most recent call last):
  File "/home/vantaggiato/Test_ProgettoVantaggiato/webapp/app.py", line 81, in get_response
    response_text, updated_history = chatbot.process_input(conversation_history, user_input)
                                     ^^^^^^^^^^^^^^^^^^^^^^^^^^^^^^^^^^^^^^^^^^^^^^^^^^^^^^^
  File "/home/vantaggiato/Test_ProgettoVantaggiato/webapp/chatbot_model.py", line 150, in process_input
    response = self.generate_response(full_prompt)
               ^^^^^^^^^^^^^^^^^^^^^^^^^^^^^^^^^^^
  File "/home/vantaggiato/Test_ProgettoVantaggiato/webapp/chatbot_model.py", line 113, in generate_response
    return self._generate_fallback_response(full_prompt)
           ^^^^^^^^^^^^^^^^^^^^^^^^^^^^^^^^^^^^^^^^^^^^^
TypeError: ChatBot._generate_fallback_response() missing 1 required positional argument: 'is_technical'
2025-04-01 12:11:41,795 - werkzeug - INFO - 127.0.0.1 - - [01/Apr/2025 12:11:41] "[35m[1mPOST /get_response HTTP/1.1[0m" 500 -
